geo,name,mortality_rate,gdpcapita,year
afg,Afghanistan,129.18,1426.50934,2000
afg,Afghanistan,125.19,1312.2368,2001
afg,Afghanistan,121.06,1673.64821,2002
afg,Afghanistan,116.91,1731.14825,2003
afg,Afghanistan,112.63,1713.2018,2004
afg,Afghanistan,108.38,1855.22812,2005
afg,Afghanistan,104.12,1895.55139,2006
afg,Afghanistan,99.89,2132.60481,2007
afg,Afghanistan,95.72,2177.91615,2008
afg,Afghanistan,91.68,2557.34077,2009
afg,Afghanistan,87.76,2848.58606,2010
ago,Angola,204.36,5352.49132,2000
ago,Angola,198.38,5500.42866,2001
ago,Angola,191.55,6149.13438,2002
ago,Angola,183.84,6223.38333,2003
ago,Angola,175.09,6749.75485,2004
ago,Angola,166.07,7592.30709,2005
ago,Angola,156.4,8283.14745,2006
ago,Angola,147.02,9191.41108,2007
ago,Angola,137.69,9889.65518,2008
ago,Angola,128.71,9626.73739,2009
ago,Angola,120.36,9672.83922,2010
alb,Albania,27.22,6558.42258,2000
alb,Albania,25.83,7210.04538,2001
alb,Albania,24.42,7578.61364,2002
alb,Albania,22.96,8024.27537,2003
alb,Albania,21.46,8490.54991,2004
alb,Albania,19.98,8977.57267,2005
alb,Albania,18.53,9577.48492,2006
alb,Albania,17.12,10272.64516,2007
alb,Albania,15.76,11064.87257,2008
alb,Albania,14.47,11435.59511,2009
alb,Albania,13.26,11828.37497,2010
and,Andorra,8.16,52814.6954,2000
and,Andorra,7.7,56647.45065,2001
and,Andorra,7.27,58701.07662,2002
and,Andorra,6.87,61631.28478,2003
and,Andorra,6.49,62814.03238,2004
and,Andorra,6.12,64175.8719,2005
and,Andorra,5.77,65819.16908,2006
and,Andorra,5.43,65192.704,2007
and,Andorra,5.1,60531.1931,2008
and,Andorra,4.78,57182.71426,2009
and,Andorra,4.5,58285.05778,2010
are,UAE,11.15,88047.22698,2000
are,UAE,10.86,85242.47915,2001
are,UAE,10.58,83319.82832,2002
are,UAE,10.32,86396.09866,2003
are,UAE,10.06,90067.1992,2004
are,UAE,9.83,89813.8553,2005
are,UAE,9.61,91960.46888,2006
are,UAE,9.4,84698.91602,2007
are,UAE,9.17,78094.031,2008
are,UAE,8.92,69482.12453,2009
are,UAE,8.66,68799.93085,2010
arg,Argentina,20.0,21810.83619,2000
arg,Argentina,18.4,20678.60893,2001
arg,Argentina,19.07,18277.79656,2002
arg,Argentina,18.38,19736.98231,2003
arg,Argentina,16.67,21350.38905,2004
arg,Argentina,16.2,23052.59,2005
arg,Argentina,15.64,24704.5175,2006
arg,Argentina,15.78,26716.74246,2007
arg,Argentina,15.57,27570.26577,2008
arg,Argentina,14.97,25707.98973,2009
arg,Argentina,14.57,28056.25702,2010
arm,Armenia,30.6,4860.71825,2000
arm,Armenia,29.09,5288.59752,2001
arm,Armenia,27.67,5964.33327,2002
arm,Armenia,26.3,6779.7368,2003
arm,Armenia,24.99,7476.52129,2004
arm,Armenia,23.71,8511.01241,2005
arm,Armenia,22.51,9640.20116,2006
arm,Armenia,21.35,10980.46168,2007
arm,Armenia,20.27,11773.80791,2008
arm,Armenia,19.24,10157.81885,2009
arm,Armenia,18.27,10438.56419,2010
atg,Antigua and Barbuda,15.47,25853.23485,2000
atg,Antigua and Barbuda,15.07,24259.00936,2001
atg,Antigua and Barbuda,14.59,24170.76163,2002
atg,Antigua and Barbuda,14.05,25326.21687,2003
atg,Antigua and Barbuda,13.49,26468.17333,2004
atg,Antigua and Barbuda,12.9,27830.44701,2005
atg,Antigua and Barbuda,12.3,30945.55644,2006
atg,Antigua and Barbuda,11.71,33336.85979,2007
atg,Antigua and Barbuda,11.13,32814.87869,2008
atg,Antigua and Barbuda,10.57,28430.15923,2009
atg,Antigua and Barbuda,10.02,25826.60864,2010
aus,Australia,6.19,45546.30419,2000
aus,Australia,6.07,45886.74826,2001
aus,Australia,5.98,47144.6969,2002
aus,Australia,5.91,48004.27426,2003
aus,Australia,5.83,49439.27404,2004
aus,Australia,5.72,50323.82948,2005
aus,Australia,5.59,50945.63779,2006
aus,Australia,5.42,51853.37495,2007
aus,Australia,5.22,52538.92042,2008
aus,Australia,5.0,52353.57082,2009
aus,Australia,4.77,52589.81821,2010
aut,Austria,5.5,52517.46107,2000
aut,Austria,5.42,53143.62112,2001
aut,Austria,5.33,53809.15485,2002
aut,Austria,5.21,54262.66063,2003
aut,Austria,5.06,55440.73462,2004
aut,Austria,4.9,56453.61958,2005
aut,Austria,4.75,58131.01608,2006
aut,Austria,4.64,60240.1574,2007
aut,Austria,4.55,61035.70774,2008
aut,Austria,4.45,58788.94457,2009
aut,Austria,4.34,59803.37263,2010
aze,Azerbaijan,26.1,5652.91901,2000
aze,Azerbaijan,26.08,6148.07154,2001
aze,Azerbaijan,24.87,6679.78178,2002
aze,Azerbaijan,21.11,7318.7397,2003
aze,Azerbaijan,21.56,7940.9474,2004
aze,Azerbaijan,17.0,10056.51613,2005
aze,Azerbaijan,18.27,13382.80963,2006
aze,Azerbaijan,16.65,16603.11847,2007
aze,Azerbaijan,14.99,17986.23868,2008
aze,Azerbaijan,14.97,19260.39807,2009
aze,Azerbaijan,14.94,19925.3901,2010
bdi,Burundi,154.47,988.06467,2000
bdi,Burundi,149.35,982.29729,2001
bdi,Burundi,143.85,996.91237,2002
bdi,Burundi,138.05,954.10637,2003
bdi,Burundi,131.89,963.73197,2004
bdi,Burundi,124.89,937.35638,2005
bdi,Burundi,117.64,953.30578,2006
bdi,Burundi,110.48,950.63619,2007
bdi,Burundi,103.63,956.92423,2008
bdi,Burundi,97.12,944.66136,2009
bdi,Burundi,91.05,947.62142,2010
bel,Belgium,5.8,49661.30813,2000
bel,Belgium,5.6,50107.04562,2001
bel,Belgium,5.41,50830.50141,2002
bel,Belgium,5.22,51220.07901,2003
bel,Belgium,5.06,52915.96859,2004
bel,Belgium,4.93,53931.0984,2005
bel,Belgium,4.83,55036.00936,2006
bel,Belgium,4.73,56730.34608,2007
bel,Belgium,4.63,56634.78441,2008
bel,Belgium,4.54,55194.46025,2009
bel,Belgium,4.45,56265.01535,2010
ben,Benin,136.84,2538.05058,2000
ben,Benin,133.65,2588.96065,2001
ben,Benin,130.48,2624.71693,2002
ben,Benin,127.39,2631.44771,2003
ben,Benin,124.4,2663.81673,2004
ben,Benin,121.49,2623.1785,2005
ben,Benin,118.76,2643.19254,2006
ben,Benin,116.19,2720.93466,2007
ben,Benin,113.67,2771.27796,2008
ben,Benin,111.31,2754.5594,2009
ben,Benin,109.0,2733.574,2010
bfa,Burkina Faso,178.92,1464.85074,2000
bfa,Burkina Faso,174.9,1505.71542,2001
bfa,Burkina Faso,170.44,1514.50187,2002
bfa,Burkina Faso,165.3,1575.74865,2003
bfa,Burkina Faso,159.49,1590.67361,2004
bfa,Burkina Faso,153.1,1670.88941,2005
bfa,Burkina Faso,146.34,1717.69219,2006
bfa,Burkina Faso,139.49,1732.62043,2007
bfa,Burkina Faso,132.89,1778.65964,2008
bfa,Burkina Faso,126.89,1778.44245,2009
bfa,Burkina Faso,121.52,1873.97146,2010
bgd,Bangladesh,86.04,2594.17073,2000
bgd,Bangladesh,81.13,2696.53287,2001
bgd,Bangladesh,76.53,2775.91996,2002
bgd,Bangladesh,72.26,2883.41361,2003
bgd,Bangladesh,68.28,3009.80039,2004
bgd,Bangladesh,64.55,3179.34961,2005
bgd,Bangladesh,61.04,3365.82922,2006
bgd,Bangladesh,57.75,3576.82402,2007
bgd,Bangladesh,54.66,3766.29471,2008
bgd,Bangladesh,51.8,3931.6318,2009
bgd,Bangladesh,49.15,4125.4639,2010
bgr,Bulgaria,17.52,12360.28586,2000
bgr,Bulgaria,16.73,13097.34284,2001
bgr,Bulgaria,15.95,14180.77345,2002
bgr,Bulgaria,15.13,15074.91577,2003
bgr,Bulgaria,14.23,16211.61121,2004
bgr,Bulgaria,13.26,17522.70718,2005
bgr,Bulgaria,12.41,18893.69888,2006
bgr,Bulgaria,11.82,20341.2392,2007
bgr,Bulgaria,11.43,21773.76281,2008
bgr,Bulgaria,11.11,21212.03036,2009
bgr,Bulgaria,10.78,21715.87944,2010
bhr,Bahrain,12.48,50712.61814,2000
bhr,Bahrain,11.97,51285.60742,2001
bhr,Bahrain,11.59,50570.68669,2002
bhr,Bahrain,11.27,51033.55385,2003
bhr,Bahrain,10.96,51564.13976,2004
bhr,Bahrain,10.62,51742.52452,2005
bhr,Bahrain,10.23,51544.47812,2006
bhr,Bahrain,9.8,52029.9827,2007
bhr,Bahrain,9.34,52382.05924,2008
bhr,Bahrain,8.9,50536.55832,2009
bhr,Bahrain,8.51,50704.84797,2010
bhs,Bahamas,16.25,35809.90008,2000
bhs,Bahamas,16.35,36163.258,2001
bhs,Bahamas,16.52,36572.30382,2002
bhs,Bahamas,16.71,35540.32688,2003
bhs,Bahamas,16.83,35281.75243,2004
bhs,Bahamas,16.84,35913.06617,2005
bhs,Bahamas,16.73,36219.61497,2006
bhs,Bahamas,16.51,36111.97019,2007
bhs,Bahamas,16.22,34695.01929,2008
bhs,Bahamas,15.89,32721.33578,2009
bhs,Bahamas,15.55,32711.37709,2010
bih,Bosnia and Herzegovina,9.89,8042.28229,2000
bih,Bosnia and Herzegovina,9.57,8163.04151,2001
bih,Bosnia and Herzegovina,9.35,8523.8492,2002
bih,Bosnia and Herzegovina,9.19,8835.83828,2003
bih,Bosnia and Herzegovina,9.05,9435.22034,2004
bih,Bosnia and Herzegovina,8.87,9876.18345,2005
bih,Bosnia and Herzegovina,8.61,10471.38047,2006
bih,Bosnia and Herzegovina,8.29,11199.55834,2007
bih,Bosnia and Herzegovina,7.92,11988.35044,2008
bih,Bosnia and Herzegovina,7.55,11825.86114,2009
bih,Bosnia and Herzegovina,7.2,12138.82997,2010
blr,Belarus,12.75,11318.10471,2000
blr,Belarus,11.82,11878.88622,2001
blr,Belarus,10.94,12526.02397,2002
blr,Belarus,10.14,13472.64907,2003
blr,Belarus,9.43,15091.04364,2004
blr,Belarus,8.74,16600.19864,2005
blr,Belarus,8.02,18353.86259,2006
blr,Belarus,7.3,20011.91277,2007
blr,Belarus,6.64,22124.33048,2008
blr,Belarus,6.07,22225.93024,2009
blr,Belarus,5.59,24012.6133,2010
blz,Belize,24.86,11031.56911,2000
blz,Belize,20.07,11261.79789,2001
blz,Belize,22.74,11548.02347,2002
blz,Belize,17.33,12326.98025,2003
blz,Belize,19.64,12578.82112,2004
blz,Belize,23.17,12529.80251,2005
blz,Belize,23.74,12761.70199,2006
blz,Belize,19.55,12847.1043,2007
blz,Belize,15.58,12342.61143,2008
blz,Belize,22.61,11999.14883,2009
blz,Belize,16.4,11868.43824,2010
bol,Bolivia,75.64,6060.87479,2000
bol,Bolivia,71.34,6066.93577,2001
bol,Bolivia,67.22,6122.5081,2002
bol,Bolivia,63.31,6192.03689,2003
bol,Bolivia,59.63,6351.81087,2004
bol,Bolivia,56.15,6531.13931,2005
bol,Bolivia,52.86,6738.86198,2006
bol,Bolivia,49.77,6937.27474,2007
bol,Bolivia,46.86,7251.28026,2008
bol,Bolivia,44.13,7381.66073,2009
bol,Bolivia,41.59,7571.67809,2010
bra,Brazil,34.72,13877.23439,2000
bra,Brazil,32.49,13920.8243,2001
bra,Brazil,30.37,14197.89149,2002
bra,Brazil,28.38,14215.68904,2003
bra,Brazil,26.51,14886.34538,2004
bra,Brazil,24.78,15212.23538,2005
bra,Brazil,23.23,15660.71617,2006
bra,Brazil,21.83,16451.32711,2007
bra,Brazil,20.6,17126.52233,2008
bra,Brazil,19.55,16948.73547,2009
bra,Brazil,18.64,18062.15811,2010
brb,Barbados,15.13,18548.02361,2000
brb,Barbados,15.34,18080.68091,2001
brb,Barbados,15.54,18119.64226,2002
brb,Barbados,15.69,18418.65422,2003
brb,Barbados,15.74,18595.68699,2004
brb,Barbados,15.69,19260.31628,2005
brb,Barbados,15.58,20363.39007,2006
brb,Barbados,15.44,20728.77509,2007
brb,Barbados,15.28,20801.28824,2008
brb,Barbados,15.12,19713.49606,2009
brb,Barbados,14.98,19253.40887,2010
brn,Brunei,10.35,101598.6423,2000
brn,Brunei,10.06,100990.246,2001
brn,Brunei,9.84,102751.4651,2002
brn,Brunei,9.68,104211.3871,2003
brn,Brunei,9.56,102368.0208,2004
brn,Brunei,9.5,100544.8503,2005
brn,Brunei,9.46,102890.0897,2006
brn,Brunei,9.47,97391.78044,2007
brn,Brunei,9.51,91747.44947,2008
brn,Brunei,9.58,88113.30075,2009
brn,Brunei,9.69,88586.51319,2010
btn,Bhutan,77.23,5180.90553,2000
btn,Bhutan,72.94,5451.89782,2001
btn,Bhutan,68.92,5904.19659,2002
btn,Bhutan,65.01,6243.53003,2003
btn,Bhutan,61.22,6452.59428,2004
btn,Bhutan,57.55,6795.21887,2005
btn,Bhutan,54.09,7099.1339,2006
btn,Bhutan,50.83,8164.68035,2007
btn,Bhutan,47.8,8449.9188,2008
btn,Bhutan,44.94,9007.33496,2009
btn,Bhutan,42.36,9985.28456,2010
bwa,Botswana,80.45,12805.35493,2000
bwa,Botswana,80.02,12650.07463,2001
bwa,Botswana,78.3,13235.91825,2002
bwa,Botswana,76.06,13667.95523,2003
bwa,Botswana,72.75,13847.1077,2004
bwa,Botswana,67.01,14266.72898,2005
bwa,Botswana,61.53,15214.66543,2006
bwa,Botswana,58.64,15834.79471,2007
bwa,Botswana,57.63,16054.36712,2008
bwa,Botswana,55.35,13514.87906,2009
bwa,Botswana,51.36,14545.01981,2010
caf,Central African Republic,168.9,1251.66767,2000
caf,Central African Republic,167.37,1272.83459,2001
caf,Central African Republic,165.8,1284.59771,2002
caf,Central African Republic,164.17,1185.51422,2003
caf,Central African Republic,162.5,1227.64332,2004
caf,Central African Republic,160.76,1214.27096,2005
caf,Central African Republic,158.26,1247.43849,2006
caf,Central African Republic,155.63,1280.71356,2007
caf,Central African Republic,152.85,1280.95449,2008
caf,Central African Republic,148.91,1399.56732,2009
caf,Central African Republic,144.99,1479.41368,2010
can,Canada,6.23,48531.94581,2000
can,Canada,6.2,48907.58879,2001
can,Canada,6.18,49832.67542,2002
can,Canada,6.17,50273.67479,2003
can,Canada,6.14,51339.96742,2004
can,Canada,6.09,52476.82097,2005
can,Canada,6.03,53301.87205,2006
can,Canada,5.96,53848.94902,2007
can,Canada,5.88,53774.36923,2008
can,Canada,5.81,51584.35178,2009
can,Canada,5.73,52558.44081,2010
che,Switzerland,5.64,65911.90228,2000
che,Switzerland,5.54,66819.6546,2001
che,Switzerland,5.44,66551.52824,2002
che,Switzerland,5.32,66274.24755,2003
che,Switzerland,5.19,67806.4892,2004
che,Switzerland,5.06,69407.28865,2005
che,Switzerland,4.94,71913.81445,2006
che,Switzerland,4.83,74172.04891,2007
che,Switzerland,4.73,75340.96646,2008
che,Switzerland,4.64,72723.57395,2009
che,Switzerland,4.56,74290.26196,2010
chl,Chile,10.79,17899.00288,2000
chl,Chile,10.37,18203.3168,2001
chl,Chile,9.52,18507.13745,2002
chl,Chile,9.28,19112.96786,2003
chl,Chile,9.72,20129.54922,2004
chl,Chile,9.11,21053.24367,2005
chl,Chile,8.81,22076.29454,2006
chl,Chile,8.94,22953.69623,2007
chl,Chile,8.66,23554.10232,2008
chl,Chile,9.19,23031.25128,2009
chl,Chile,8.58,24116.76947,2010
chn,China,36.69,4330.14292,2000
chn,China,34.11,4616.19699,2001
chn,China,31.46,4970.91269,2002
chn,China,28.82,5389.66196,2003
chn,China,26.32,5859.59286,2004
chn,China,24.0,6453.21746,2005
chn,China,21.92,7186.97235,2006
chn,China,20.08,8108.53713,2007
chn,China,18.47,8799.84465,2008
chn,China,17.04,9546.11114,2009
chn,China,15.75,10476.31236,2010
civ,Cote d'Ivoire,143.32,4549.02362,2000
civ,Cote d'Ivoire,140.13,4385.22538,2001
civ,Cote d'Ivoire,136.68,4196.07952,2002
civ,Cote d'Ivoire,133.08,3941.89109,2003
civ,Cote d'Ivoire,129.52,3987.0524,2004
civ,Cote d'Ivoire,125.61,3956.21195,2005
civ,Cote d'Ivoire,122.02,3990.13542,2006
civ,Cote d'Ivoire,118.21,3960.4846,2007
civ,Cote d'Ivoire,114.22,4069.77716,2008
civ,Cote d'Ivoire,109.92,4138.37014,2009
civ,Cote d'Ivoire,106.28,4338.65248,2010
cmr,Cameroon,143.93,3621.82516,2000
cmr,Cameroon,140.9,3709.02314,2001
cmr,Cameroon,137.53,3796.465,2002
cmr,Cameroon,134.0,3916.11892,2003
cmr,Cameroon,130.6,4093.34117,2004
cmr,Cameroon,127.5,4096.94001,2005
cmr,Cameroon,124.22,4160.88698,2006
cmr,Cameroon,121.03,4242.1752,2007
cmr,Cameroon,117.62,4261.89362,2008
cmr,Cameroon,114.31,4268.0423,2009
cmr,Cameroon,110.06,4286.58303,2010
cod,"Congo, Dem. Rep.",159.25,828.85463,2000
cod,"Congo, Dem. Rep.",154.93,794.37406,2001
cod,"Congo, Dem. Rep.",150.39,800.59337,2002
cod,"Congo, Dem. Rep.",145.73,828.0398,2003
cod,"Congo, Dem. Rep.",140.88,864.96169,2004
cod,"Congo, Dem. Rep.",136.13,896.68398,2005
cod,"Congo, Dem. Rep.",131.44,921.55178,2006
cod,"Congo, Dem. Rep.",126.75,955.42186,2007
cod,"Congo, Dem. Rep.",122.28,989.53891,2008
cod,"Congo, Dem. Rep.",117.96,990.8234,2009
cod,"Congo, Dem. Rep.",113.82,1031.25015,2010
cog,"Congo, Rep.",114.13,7242.9104,2000
cog,"Congo, Rep.",111.07,7294.20583,2001
cog,"Congo, Rep.",106.18,7502.37544,2002
cog,"Congo, Rep.",100.15,7398.52442,2003
cog,"Congo, Rep.",93.33,7436.93638,2004
cog,"Congo, Rep.",86.37,7763.52189,2005
cog,"Congo, Rep.",79.79,8098.86813,2006
cog,"Congo, Rep.",73.95,7334.53258,2007
cog,"Congo, Rep.",69.01,7563.11272,2008
cog,"Congo, Rep.",65.02,8123.95003,2009
cog,"Congo, Rep.",62.03,8583.6618,2010
col,Colombia,25.07,10888.18673,2000
col,Colombia,24.27,10894.52373,2001
col,Colombia,23.51,10992.22787,2002
col,Colombia,22.81,11245.90019,2003
col,Colombia,22.15,11665.76625,2004
col,Colombia,21.48,12049.36378,2005
col,Colombia,20.83,12679.47727,2006
col,Colombia,20.19,13353.26412,2007
col,Colombia,19.55,13615.83592,2008
col,Colombia,18.94,13600.03139,2009
col,Colombia,18.33,14037.06427,2010
com,Comoros,100.63,2273.33458,2000
com,Comoros,100.2,2294.63481,2001
com,Comoros,100.05,2314.18283,2002
com,Comoros,99.63,2332.14917,2003
com,Comoros,98.53,2346.10974,2004
com,Comoros,96.68,2377.91779,2005
com,Comoros,94.44,2416.55885,2006
com,Comoros,91.91,2398.29711,2007
com,Comoros,89.46,2454.34737,2008
com,Comoros,86.93,2571.20352,2009
com,Comoros,84.6,2652.35554,2010
cpv,Cape Verde,38.1,4548.5827,2000
cpv,Cape Verde,34.44,4606.10486,2001
cpv,Cape Verde,31.64,4778.18896,2002
cpv,Cape Verde,29.76,4911.28625,2003
cpv,Cape Verde,28.64,5314.50301,2004
cpv,Cape Verde,28.07,5610.24679,2005
cpv,Cape Verde,27.86,5990.66899,2006
cpv,Cape Verde,27.75,6796.34351,2007
cpv,Cape Verde,27.52,7191.44707,2008
cpv,Cape Verde,27.05,7006.94046,2009
cpv,Cape Verde,26.29,7072.1215,2010
cri,Costa Rica,13.08,13782.50564,2000
cri,Costa Rica,12.56,14029.94754,2001
cri,Costa Rica,12.12,14292.54159,2002
cri,Costa Rica,11.76,14704.92674,2003
cri,Costa Rica,11.51,15154.97314,2004
cri,Costa Rica,11.34,15556.8969,2005
cri,Costa Rica,11.21,16492.96127,2006
cri,Costa Rica,11.09,17639.71114,2007
cri,Costa Rica,10.94,18260.81572,2008
cri,Costa Rica,10.75,17895.99829,2009
cri,Costa Rica,10.51,18660.91982,2010
cub,Cuba,8.83,7647.73734,2000
cub,Cuba,8.5,8119.34692,2001
cub,Cuba,8.2,8434.14926,2002
cub,Cuba,7.91,8752.4162,2003
cub,Cuba,7.64,8910.08077,2004
cub,Cuba,7.39,9263.86702,2005
cub,Cuba,7.15,10706.87063,2006
cub,Cuba,6.93,11208.20457,2007
cub,Cuba,6.73,12013.21478,2008
cub,Cuba,6.54,12573.85408,2009
cub,Cuba,6.37,13316.87827,2010
cyp,Cyprus,6.46,35146.08645,2000
cyp,Cyprus,6.0,36270.17002,2001
cyp,Cyprus,5.59,37316.81467,2002
cyp,Cyprus,5.19,37960.10239,2003
cyp,Cyprus,4.83,39451.72924,2004
cyp,Cyprus,4.48,40867.72119,2005
cyp,Cyprus,4.17,42205.32005,2006
cyp,Cyprus,3.91,43535.21052,2007
cyp,Cyprus,3.71,44115.7042,2008
cyp,Cyprus,3.53,42175.14639,2009
cyp,Cyprus,3.37,42103.49219,2010
cze,Czech Republic,5.46,28370.00746,2000
cze,Czech Republic,5.19,29468.17141,2001
cze,Czech Republic,4.97,30123.97847,2002
cze,Czech Republic,4.78,31277.53326,2003
cze,Czech Republic,4.58,32890.10004,2004
cze,Czech Republic,4.36,35070.80206,2005
cze,Czech Republic,4.14,37423.03942,2006
cze,Czech Republic,3.92,39364.57918,2007
cze,Czech Republic,3.72,40164.41046,2008
cze,Czech Republic,3.53,38104.15407,2009
cze,Czech Republic,3.38,39097.38862,2010
deu,Germany,5.36,49166.3611,2000
deu,Germany,5.22,50045.1131,2001
deu,Germany,5.09,49997.86247,2002
deu,Germany,4.97,49816.02816,2003
deu,Germany,4.85,50512.77605,2004
deu,Germany,4.73,51073.62335,2005
deu,Germany,4.61,53177.1987,2006
deu,Germany,4.49,54860.79382,2007
deu,Germany,4.37,55513.4028,2008
deu,Germany,4.27,52592.0867,2009
deu,Germany,4.17,54865.43053,2010
dji,Djibouti,100.95,2521.51529,2000
dji,Djibouti,98.56,2557.02477,2001
dji,Djibouti,96.09,2620.20795,2002
dji,Djibouti,93.6,2722.54103,2003
dji,Djibouti,91.07,2839.82841,2004
dji,Djibouti,88.67,2968.8721,2005
dji,Djibouti,86.13,3170.59332,2006
dji,Djibouti,83.61,3368.59384,2007
dji,Djibouti,81.24,3583.51384,2008
dji,Djibouti,78.83,3618.53052,2009
dji,Djibouti,76.61,3762.14345,2010
dma,Dominica,16.92,12874.84616,2000
dma,Dominica,17.32,13047.95775,2001
dma,Dominica,17.81,12779.05165,2002
dma,Dominica,18.36,13649.60702,2003
dma,Dominica,19.0,14299.28551,2004
dma,Dominica,19.7,14528.24573,2005
dma,Dominica,20.5,15283.57887,2006
dma,Dominica,21.38,16225.64409,2007
dma,Dominica,22.35,17510.53683,2008
dma,Dominica,23.4,17425.80862,2009
dma,Dominica,24.55,17516.78796,2010
dnk,Denmark,5.69,56639.72033,2000
dnk,Denmark,5.61,57085.17502,2001
dnk,Denmark,5.51,57276.5858,2002
dnk,Denmark,5.37,57474.14866,2003
dnk,Denmark,5.18,59009.8913,2004
dnk,Denmark,4.98,60326.06387,2005
dnk,Denmark,4.76,62510.52475,2006
dnk,Denmark,4.55,62919.9468,2007
dnk,Denmark,4.36,62352.38563,2008
dnk,Denmark,4.21,58986.51834,2009
dnk,Denmark,4.1,59696.35452,2010
dom,Dominican Republic,39.98,10613.62976,2000
dom,Dominican Republic,38.97,10748.1998,2001
dom,Dominican Republic,38.15,11126.98037,2002
dom,Dominican Republic,37.44,10872.45789,2003
dom,Dominican Republic,36.86,11023.51759,2004
dom,Dominican Republic,36.39,11937.99638,2005
dom,Dominican Republic,36.02,12911.00071,2006
dom,Dominican Republic,35.7,13729.57546,2007
dom,Dominican Republic,35.46,14019.31898,2008
dom,Dominican Republic,35.28,13990.26825,2009
dom,Dominican Republic,35.14,14975.00101,2010
dza,Algeria,39.7,11174.92144,2000
dza,Algeria,38.91,11448.35008,2001
dza,Algeria,37.83,11995.66873,2002
dza,Algeria,36.51,12691.81772,2003
dza,Algeria,35.06,13141.18565,2004
dza,Algeria,33.56,13707.76136,2005
dza,Algeria,32.11,13917.79015,2006
dza,Algeria,30.75,14137.48114,2007
dza,Algeria,29.49,14237.54472,2008
dza,Algeria,28.38,14128.60865,2009
dza,Algeria,27.43,14496.42113,2010
ecu,Ecuador,29.53,9189.07161,2000
ecu,Ecuador,27.98,9420.20124,2001
ecu,Ecuador,26.63,9712.47644,2002
ecu,Ecuador,25.43,9819.84503,2003
ecu,Ecuador,24.4,10319.22268,2004
ecu,Ecuador,23.45,10685.98054,2005
ecu,Ecuador,22.56,10958.56386,2006
ecu,Ecuador,21.67,10976.96621,2007
ecu,Ecuador,20.78,11493.50756,2008
ecu,Ecuador,19.87,11413.55564,2009
ecu,Ecuador,18.98,11665.69786,2010
egy,Egypt,31.85,9804.51932,2000
egy,Egypt,33.55,9999.27693,2001
egy,Egypt,31.53,10072.53787,2002
egy,Egypt,30.98,10208.25965,2003
egy,Egypt,29.28,10432.81398,2004
egy,Egypt,26.81,10701.49106,2005
egy,Egypt,25.27,11220.50957,2006
egy,Egypt,27.22,11799.37304,2007
egy,Egypt,26.8,12407.23243,2008
egy,Egypt,25.06,12739.69042,2009
egy,Egypt,25.7,13128.98783,2010
eri,Eritrea,85.22,1470.36504,2000
eri,Eritrea,81.09,1552.31716,2001
eri,Eritrea,77.28,1531.23529,2002
eri,Eritrea,73.76,1428.35682,2003
eri,Eritrea,70.5,1401.6936,2004
eri,Eritrea,67.47,1406.10549,2005
eri,Eritrea,64.64,1371.76749,2006
eri,Eritrea,61.93,1373.89436,2007
eri,Eritrea,59.4,1094.6138,2008
eri,Eritrea,57.12,1196.4888,2009
eri,Eritrea,55.05,1306.466,2010
esp,Spain,5.53,39364.63231,2000
esp,Spain,5.07,40739.16636,2001
esp,Spain,5.19,41366.64971,2002
esp,Spain,5.1,41913.25931,2003
esp,Spain,4.94,42562.96373,2004
esp,Spain,4.73,43400.49882,2005
esp,Spain,4.46,44458.13989,2006
esp,Spain,4.39,45232.17425,2007
esp,Spain,4.24,44895.56756,2008
esp,Spain,4.0,42844.18943,2009
esp,Spain,3.78,42695.52742,2010
est,Estonia,10.94,20974.85794,2000
est,Estonia,10.08,22290.85904,2001
est,Estonia,9.26,23898.59735,2002
est,Estonia,8.51,25814.06126,2003
est,Estonia,7.81,27675.34626,2004
est,Estonia,7.16,30444.97207,2005
est,Estonia,6.56,33599.05985,2006
est,Estonia,6.01,36298.32759,2007
est,Estonia,5.5,34530.8009,2008
est,Estonia,5.02,29553.15493,2009
est,Estonia,4.59,30379.10913,2010
eth,Ethiopia,140.68,838.63896,2000
eth,Ethiopia,134.56,874.26297,2001
eth,Ethiopia,128.27,861.11509,2002
eth,Ethiopia,121.79,815.90332,2003
eth,Ethiopia,115.3,889.25057,2004
eth,Ethiopia,108.87,962.42678,2005
eth,Ethiopia,102.77,1032.8501,2006
eth,Ethiopia,97.0,1114.84014,2007
eth,Ethiopia,91.64,1197.23535,2008
eth,Ethiopia,86.67,1264.25544,2009
eth,Ethiopia,82.03,1381.19045,2010
fin,Finland,4.28,46480.58365,2000
fin,Finland,4.17,47650.01092,2001
fin,Finland,4.07,48390.8085,2002
fin,Finland,3.97,49300.35799,2003
fin,Finland,3.87,51178.8478,2004
fin,Finland,3.75,52477.08912,2005
fin,Finland,3.61,54435.98489,2006
fin,Finland,3.47,57140.60224,2007
fin,Finland,3.31,57379.21966,2008
fin,Finland,3.16,52545.32598,2009
fin,Finland,3.02,54017.94586,2010
fji,Fiji,22.41,9351.40908,2000
fji,Fiji,22.32,9456.52944,2001
fji,Fiji,22.36,9678.79793,2002
fji,Fiji,22.52,9696.60146,2003
fji,Fiji,22.81,10127.03988,2004
fji,Fiji,23.14,10112.25152,2005
fji,Fiji,23.45,10210.99365,2006
fji,Fiji,23.68,10041.97504,2007
fji,Fiji,23.77,10084.79561,2008
fji,Fiji,23.74,9905.77984,2009
fji,Fiji,23.64,10167.34962,2010
fra,France,5.39,45733.71556,2000
fra,France,5.26,46304.54285,2001
fra,France,5.1,46495.2528,2002
fra,France,4.93,46636.54244,2003
fra,France,4.76,47646.61563,2004
fra,France,4.62,48195.83192,2005
fra,France,4.52,49169.89075,2006
fra,France,4.44,50116.61434,2007
fra,France,4.37,50040.18577,2008
fra,France,4.29,48391.26396,2009
fra,France,4.21,49130.42294,2010
fsm,"Micronesia, Fed. Sts.",37.76,3685.98012,2000
fsm,"Micronesia, Fed. Sts.",36.72,3747.83183,2001
fsm,"Micronesia, Fed. Sts.",35.9,3759.02757,2002
fsm,"Micronesia, Fed. Sts.",35.23,3816.94106,2003
fsm,"Micronesia, Fed. Sts.",34.85,3702.98912,2004
fsm,"Micronesia, Fed. Sts.",34.69,3787.95304,2005
fsm,"Micronesia, Fed. Sts.",34.59,3800.24146,2006
fsm,"Micronesia, Fed. Sts.",34.48,3751.28828,2007
fsm,"Micronesia, Fed. Sts.",34.2,3684.97378,2008
fsm,"Micronesia, Fed. Sts.",33.7,3750.78882,2009
fsm,"Micronesia, Fed. Sts.",33.11,3842.23613,2010
gab,Gabon,82.91,20439.64102,2000
gab,Gabon,81.4,20584.51941,2001
gab,Gabon,79.64,20173.20857,2002
gab,Gabon,77.81,20273.43083,2003
gab,Gabon,75.76,20020.44574,2004
gab,Gabon,73.6,20089.26663,2005
gab,Gabon,71.6,19055.90344,2006
gab,Gabon,69.18,19671.99521,2007
gab,Gabon,66.72,18472.96499,2008
gab,Gabon,64.21,17915.04478,2009
gab,Gabon,61.66,18530.57609,2010
gbr,UK,6.55,43163.51653,2000
gbr,UK,6.44,44115.61785,2001
gbr,UK,6.34,44751.84782,2002
gbr,UK,6.25,45963.07531,2003
gbr,UK,6.15,46828.68704,2004
gbr,UK,6.03,47788.26355,2005
gbr,UK,5.91,48571.69291,2006
gbr,UK,5.75,49459.8415,2007
gbr,UK,5.57,48947.71347,2008
gbr,UK,5.37,46342.91858,2009
gbr,UK,5.17,47013.88241,2010
geo,Georgia,36.56,5817.64099,2000
geo,Georgia,34.1,6168.02458,2001
geo,Georgia,31.49,6546.59987,2002
geo,Georgia,28.84,7304.22141,2003
geo,Georgia,26.18,7757.61197,2004
geo,Georgia,23.63,8531.25642,2005
geo,Georgia,21.26,9368.12491,2006
geo,Georgia,19.1,10588.92675,2007
geo,Georgia,17.2,10868.556,2008
geo,Georgia,15.56,10556.10672,2009
geo,Georgia,14.18,11294.36859,2010
gha,Ghana,99.74,3247.06701,2000
gha,Ghana,95.71,3299.50233,2001
gha,Ghana,91.88,3364.62378,2002
gha,Ghana,88.51,3454.94981,2003
gha,Ghana,85.61,3561.94033,2004
gha,Ghana,83.01,3683.02601,2005
gha,Ghana,80.56,3826.47521,2006
gha,Ghana,78.05,3899.59845,2007
gha,Ghana,75.3,4158.47667,2008
gha,Ghana,72.32,4260.95433,2009
gha,Ghana,69.12,4495.68917,2010
gin,Guinea,164.2,2188.59249,2000
gin,Guinea,157.41,2261.24514,2001
gin,Guinea,150.94,2362.78757,2002
gin,Guinea,144.94,2357.32725,2003
gin,Guinea,139.48,2379.76742,2004
gin,Guinea,134.69,2421.05132,2005
gin,Guinea,130.42,2416.21988,2006
gin,Guinea,126.59,2539.14707,2007
gin,Guinea,123.29,2597.95859,2008
gin,Guinea,120.3,2522.31914,2009
gin,Guinea,117.7,2594.8305,2010
gmb,Gambia,113.36,2538.65544,2000
gmb,Gambia,108.67,2628.79005,2001
gmb,Gambia,104.17,2500.01615,2002
gmb,Gambia,99.81,2601.61094,2003
gmb,Gambia,95.57,2728.61837,2004
gmb,Gambia,91.48,2606.00889,2005
gmb,Gambia,87.56,2531.6846,2006
gmb,Gambia,83.82,2544.14242,2007
gmb,Gambia,80.26,2634.21604,2008
gmb,Gambia,76.84,2737.72235,2009
gmb,Gambia,73.62,2824.21259,2010
gnb,Guinea-Bissau,173.78,1903.68346,2000
gnb,Guinea-Bissau,168.4,1951.61367,2001
gnb,Guinea-Bissau,162.77,1974.42194,2002
gnb,Guinea-Bissau,156.79,1933.98218,2003
gnb,Guinea-Bissau,150.72,1921.90486,2004
gnb,Guinea-Bissau,144.51,2004.37282,2005
gnb,Guinea-Bissau,138.33,2015.43233,2006
gnb,Guinea-Bissau,132.2,2023.64221,2007
gnb,Guinea-Bissau,126.13,2068.09149,2008
gnb,Guinea-Bissau,120.24,2072.05371,2009
gnb,Guinea-Bissau,114.5,2138.02686,2010
gnq,Equatorial Guinea,155.74,12428.04693,2000
gnq,Equatorial Guinea,151.37,19105.05954,2001
gnq,Equatorial Guinea,147.11,21418.4856,2002
gnq,Equatorial Guinea,142.78,22887.27786,2003
gnq,Equatorial Guinea,138.16,29356.54335,2004
gnq,Equatorial Guinea,133.49,32249.49451,2005
gnq,Equatorial Guinea,129.0,33027.962,2006
gnq,Equatorial Guinea,124.38,36215.3295,2007
gnq,Equatorial Guinea,119.72,40526.68854,2008
gnq,Equatorial Guinea,115.3,38976.73346,2009
gnq,Equatorial Guinea,111.17,33668.87407,2010
grc,Greece,6.41,30878.47385,2000
grc,Greece,5.97,32216.03115,2001
grc,Greece,5.57,33660.65195,2002
grc,Greece,5.2,35613.94532,2003
grc,Greece,4.87,37508.87544,2004
grc,Greece,4.58,37901.02852,2005
grc,Greece,4.32,40277.6367,2006
grc,Greece,4.11,41648.95477,2007
grc,Greece,3.97,41617.32244,2008
grc,Greece,3.92,39846.18215,2009
grc,Greece,3.93,37566.74837,2010
grd,Grenada,15.47,11784.00236,2000
grd,Grenada,15.21,11474.64677,2001
grd,Grenada,14.99,11808.09279,2002
grd,Grenada,14.82,12852.81801,2003
grd,Grenada,14.7,12702.39748,2004
grd,Grenada,14.61,14316.43725,2005
grd,Grenada,14.58,13676.87097,2006
grd,Grenada,14.62,14444.55033,2007
grd,Grenada,14.72,14512.62241,2008
grd,Grenada,14.87,13490.53871,2009
grd,Grenada,15.06,13363.09203,2010
gtm,Guatemala,52.14,8628.76971,2000
gtm,Guatemala,50.06,8647.82894,2001
gtm,Guatemala,48.07,8791.80193,2002
gtm,Guatemala,46.19,8830.89407,2003
gtm,Guatemala,44.39,8923.16468,2004
gtm,Guatemala,42.67,9031.22567,2005
gtm,Guatemala,40.99,9328.01386,2006
gtm,Guatemala,39.36,9726.22375,2007
gtm,Guatemala,37.8,9857.30345,2008
gtm,Guatemala,36.25,9724.45031,2009
gtm,Guatemala,34.78,9825.0174,2010
guy,Guyana,46.4,7728.71826,2000
guy,Guyana,45.24,7940.0353,2001
guy,Guyana,44.19,8068.25115,2002
guy,Guyana,43.2,8052.1375,2003
guy,Guyana,42.24,8215.14184,2004
guy,Guyana,41.38,8099.96146,2005
guy,Guyana,40.54,8568.65446,2006
guy,Guyana,39.74,9244.30508,2007
guy,Guyana,38.95,9471.54647,2008
guy,Guyana,38.17,9884.66399,2009
guy,Guyana,37.43,10374.39476,2010
hnd,Honduras,37.0,4561.67337,2000
hnd,Honduras,35.32,4567.90827,2001
hnd,Honduras,33.68,4621.84604,2002
hnd,Honduras,32.11,4714.39261,2003
hnd,Honduras,30.6,4888.62686,2004
hnd,Honduras,29.21,5062.7798,2005
hnd,Honduras,27.89,5270.98125,2006
hnd,Honduras,26.66,5470.17678,2007
hnd,Honduras,25.48,5573.82136,2008
hnd,Honduras,24.36,5317.86049,2009
hnd,Honduras,23.32,5396.07228,2010
hrv,Croatia,8.3,20744.13228,2000
hrv,Croatia,7.98,22211.13259,2001
hrv,Croatia,7.67,23571.12738,2002
hrv,Croatia,7.35,24989.31837,2003
hrv,Croatia,7.03,26127.9304,2004
hrv,Croatia,6.72,27321.1578,2005
hrv,Croatia,6.43,28790.69754,2006
hrv,Croatia,6.16,30337.54416,2007
hrv,Croatia,5.91,31012.22676,2008
hrv,Croatia,5.68,28981.8043,2009
hrv,Croatia,5.48,28704.52721,2010
hti,Haiti,103.93,3044.25409,2000
hti,Haiti,100.48,3002.41933,2001
hti,Haiti,97.34,3001.23422,2002
hti,Haiti,94.43,3067.16904,2003
hti,Haiti,91.78,2993.79455,2004
hti,Haiti,89.42,3055.95983,2005
hti,Haiti,87.23,3082.35804,2006
hti,Haiti,85.15,3194.91253,2007
hti,Haiti,83.16,3246.74698,2008
hti,Haiti,81.2,3403.47309,2009
hti,Haiti,203.59,3195.24821,2010
hun,Hungary,10.13,21395.97367,2000
hun,Hungary,9.55,22440.53385,2001
hun,Hungary,8.96,23689.88094,2002
hun,Hungary,8.4,24810.57948,2003
hun,Hungary,7.93,26212.32986,2004
hun,Hungary,7.55,27496.65624,2005
hun,Hungary,7.2,28710.4327,2006
hun,Hungary,6.85,28925.20692,2007
hun,Hungary,6.51,29319.78459,2008
hun,Hungary,6.22,27424.58359,2009
hun,Hungary,6.01,27801.83382,2010
idn,Indonesia,52.21,6206.67205,2000
idn,Indonesia,49.84,6331.96468,2001
idn,Indonesia,47.62,6514.41786,2002
idn,Indonesia,45.52,6721.55555,2003
idn,Indonesia,49.63,6954.3854,2004
idn,Indonesia,41.69,7239.70057,2005
idn,Indonesia,39.93,7518.89093,2006
idn,Indonesia,38.28,7870.61403,2007
idn,Indonesia,36.71,8216.98862,2008
idn,Indonesia,35.22,8463.00413,2009
idn,Indonesia,33.83,8848.22474,2010
ind,India,91.65,3176.02294,2000
ind,India,88.07,3260.4152,2001
ind,India,84.54,3312.59814,2002
ind,India,81.13,3502.41996,2003
ind,India,77.75,3706.63429,2004
ind,India,74.44,3925.41317,2005
ind,India,71.15,4167.70953,2006
ind,India,67.86,4410.92781,2007
ind,India,64.6,4474.6522,2008
ind,India,61.36,4744.01134,2009
ind,India,58.15,5059.28271,2010
irl,Ireland,7.14,53465.98999,2000
irl,Ireland,6.87,55573.33959,2001
irl,Ireland,6.5,57938.15556,2002
irl,Ireland,6.05,58832.30607,2003
irl,Ireland,5.59,61737.45623,2004
irl,Ireland,5.19,63909.85596,2005
irl,Ireland,4.87,65357.44119,2006
irl,Ireland,4.62,66810.4223,2007
irl,Ireland,4.43,62507.26896,2008
irl,Ireland,4.29,58687.01334,2009
irl,Ireland,4.17,59285.80833,2010
irn,Iran,36.22,11078.79502,2000
irn,Iran,34.2,11220.21075,2001
irn,Iran,32.17,12020.63785,2002
irn,Iran,30.15,12912.95251,2003
irn,Iran,28.21,13212.9011,2004
irn,Iran,26.4,13332.7353,2005
irn,Iran,24.71,13683.97852,2006
irn,Iran,23.15,14503.56106,2007
irn,Iran,21.7,14299.90427,2008
irn,Iran,20.41,14196.07393,2009
irn,Iran,19.33,14737.15585,2010
irq,Iraq,44.46,11077.40844,2000
irq,Iraq,43.53,11281.38854,2001
irq,Iraq,42.65,10419.00416,2002
irq,Iraq,41.77,6643.82597,2003
irq,Iraq,40.91,10009.42461,2004
irq,Iraq,40.02,9965.0217,2005
irq,Iraq,39.09,10505.07578,2006
irq,Iraq,38.11,10821.91478,2007
irq,Iraq,37.07,11510.66647,2008
irq,Iraq,36.0,11483.00489,2009
irq,Iraq,34.93,11816.84102,2010
isl,Iceland,4.06,47246.03444,2000
isl,Iceland,3.86,48512.34196,2001
isl,Iceland,3.69,48372.8176,2002
isl,Iceland,3.53,49126.5233,2003
isl,Iceland,3.38,52559.42353,2004
isl,Iceland,3.25,54980.31234,2005
isl,Iceland,3.12,57117.16946,2006
isl,Iceland,3.01,60501.51448,2007
isl,Iceland,2.9,60768.62733,2008
isl,Iceland,2.79,56013.04234,2009
isl,Iceland,2.7,54588.97093,2010
isr,Israel,6.89,33488.81062,2000
isr,Israel,6.64,32762.75697,2001
isr,Israel,6.39,32038.41724,2002
isr,Israel,6.13,31879.17651,2003
isr,Israel,5.85,32759.1433,2004
isr,Israel,5.58,33568.67104,2005
isr,Israel,5.33,34810.44561,2006
isr,Israel,5.1,36342.26407,2007
isr,Israel,4.9,36838.58616,2008
isr,Israel,4.72,36410.47315,2009
isr,Israel,4.55,37722.40999,2010
ita,Italy,5.57,49342.92612,2000
ita,Italy,5.29,50434.86202,2001
ita,Italy,5.05,50612.1286,2002
ita,Italy,4.83,50510.92632,2003
ita,Italy,4.64,51002.70778,2004
ita,Italy,4.47,51210.1026,2005
ita,Italy,4.34,52029.1946,2006
ita,Italy,4.24,52557.3651,2007
ita,Italy,4.14,51693.55748,2008
ita,Italy,4.05,48725.66832,2009
ita,Italy,3.96,49301.69591,2010
jam,Jamaica,22.22,9400.15259,2000
jam,Jamaica,21.62,9485.24573,2001
jam,Jamaica,21.11,9619.29863,2002
jam,Jamaica,20.66,9930.79875,2003
jam,Jamaica,20.27,10020.77669,2004
jam,Jamaica,19.9,10069.94372,2005
jam,Jamaica,19.55,10322.36829,2006
jam,Jamaica,19.24,10432.74762,2007
jam,Jamaica,18.88,10313.15241,2008
jam,Jamaica,18.46,9833.36045,2009
jam,Jamaica,18.0,9654.07238,2010
jor,Jordan,26.8,8357.11725,2000
jor,Jordan,26.06,8607.27196,2001
jor,Jordan,25.32,8899.22011,2002
jor,Jordan,24.61,9045.26045,2003
jor,Jordan,23.89,9557.49136,2004
jor,Jordan,23.21,10046.66254,2005
jor,Jordan,22.54,10168.39047,2006
jor,Jordan,21.9,10320.72267,2007
jor,Jordan,21.27,10750.43681,2008
jor,Jordan,20.66,10993.70439,2009
jor,Jordan,20.07,10953.53763,2010
jpn,Japan,4.5,39728.19279,2000
jpn,Japan,4.3,39710.67857,2001
jpn,Japan,4.13,39564.31383,2002
jpn,Japan,3.98,40010.84597,2003
jpn,Japan,3.86,40794.08013,2004
jpn,Japan,3.74,41444.59908,2005
jpn,Japan,3.63,41913.04913,2006
jpn,Japan,3.52,42413.86819,2007
jpn,Japan,3.42,41799.93643,2008
jpn,Japan,3.31,39354.08421,2009
jpn,Japan,3.21,40881.79724,2010
kaz,Kazakhstan,42.5,12862.60587,2000
kaz,Kazakhstan,39.91,14550.60782,2001
kaz,Kazakhstan,37.49,15912.74277,2002
kaz,Kazakhstan,35.22,17309.4469,2003
kaz,Kazakhstan,33.08,18862.0876,2004
kaz,Kazakhstan,31.02,20549.64174,2005
kaz,Kazakhstan,28.97,22565.38931,2006
kaz,Kazakhstan,26.82,24348.27497,2007
kaz,Kazakhstan,24.66,24896.57281,2008
kaz,Kazakhstan,22.49,24903.34199,2009
kaz,Kazakhstan,20.37,26374.84077,2010
ken,Kenya,98.46,3555.83431,2000
ken,Kenya,94.17,3606.92492,2001
ken,Kenya,89.81,3540.94796,2002
ken,Kenya,85.44,3558.41524,2003
ken,Kenya,81.05,3646.91912,2004
ken,Kenya,76.28,3766.38292,2005
ken,Kenya,72.02,3908.48133,2006
ken,Kenya,68.0,4071.14989,2007
ken,Kenya,63.47,3975.48846,2008
ken,Kenya,59.87,3999.46025,2009
ken,Kenya,57.42,4211.52463,2010
kgz,Kyrgyz Republic,49.82,3730.63998,2000
kgz,Kyrgyz Republic,47.43,3878.12216,2001
kgz,Kyrgyz Republic,45.16,3829.19618,2002
kgz,Kyrgyz Republic,43.06,4043.10627,2003
kgz,Kyrgyz Republic,41.08,4262.81316,2004
kgz,Kyrgyz Republic,39.24,4196.50495,2005
kgz,Kyrgyz Republic,37.5,4270.37212,2006
kgz,Kyrgyz Republic,35.72,4581.30527,2007
kgz,Kyrgyz Republic,33.74,4908.8137,2008
kgz,Kyrgyz Republic,31.61,4976.42441,2009
kgz,Kyrgyz Republic,29.54,4876.47965,2010
khm,Cambodia,106.33,1961.44747,2000
khm,Cambodia,96.62,2065.2722,2001
khm,Cambodia,86.7,2152.3577,2002
khm,Cambodia,78.03,2325.43103,2003
khm,Cambodia,70.68,2502.53676,2004
khm,Cambodia,64.67,2787.71365,2005
khm,Cambodia,59.7,3041.77375,2006
khm,Cambodia,55.37,3305.02309,2007
khm,Cambodia,51.31,3496.42884,2008
khm,Cambodia,47.47,3582.53377,2009
khm,Cambodia,43.82,3711.53751,2010
kir,Kiribati,68.13,2505.66286,2000
kir,Kiribati,66.64,2384.28348,2001
kir,Kiribati,65.49,2372.64843,2002
kir,Kiribati,64.77,2293.03555,2003
kir,Kiribati,64.55,2227.16408,2004
kir,Kiribati,64.66,2212.14122,2005
kir,Kiribati,65.06,2280.04051,2006
kir,Kiribati,65.47,2297.18898,2007
kir,Kiribati,65.58,2179.61155,2008
kir,Kiribati,65.23,2141.59941,2009
kir,Kiribati,64.41,2119.64018,2010
kna,St. Kitts and Nevis,17.6,20983.72711,2000
kna,St. Kitts and Nevis,18.39,21721.90173,2001
kna,St. Kitts and Nevis,20.09,21781.74987,2002
kna,St. Kitts and Nevis,11.89,20727.10175,2003
kna,St. Kitts and Nevis,8.52,21353.81277,2004
kna,St. Kitts and Nevis,7.03,23227.34239,2005
kna,St. Kitts and Nevis,24.39,23750.28261,2006
kna,St. Kitts and Nevis,28.14,23685.70446,2007
kna,St. Kitts and Nevis,16.77,26123.91089,2008
kna,St. Kitts and Nevis,21.79,25079.80936,2009
kna,St. Kitts and Nevis,17.56,24997.56725,2010
kor,South Korea,7.55,25861.5996,2000
kor,South Korea,7.15,26795.53081,2001
kor,South Korea,6.77,28587.43844,2002
kor,South Korea,6.39,29230.37327,2003
kor,South Korea,5.99,30525.00934,2004
kor,South Korea,5.57,31672.64627,2005
kor,South Korea,5.18,33076.42929,2006
kor,South Korea,4.83,34729.10397,2007
kor,South Korea,4.54,35425.44575,2008
kor,South Korea,4.31,35452.77854,2009
kor,South Korea,4.12,37610.97291,2010
kwt,Kuwait,12.41,58580.26386,2000
kwt,Kuwait,12.16,57799.99596,2001
kwt,Kuwait,11.96,58629.24067,2002
kwt,Kuwait,11.78,67698.87165,2003
kwt,Kuwait,11.58,73414.45772,2004
kwt,Kuwait,11.4,78600.30407,2005
kwt,Kuwait,11.24,80163.48958,2006
kwt,Kuwait,11.09,80178.19205,2007
kwt,Kuwait,10.91,77620.47674,2008
kwt,Kuwait,10.67,68208.16378,2009
kwt,Kuwait,10.36,62956.21532,2010
lao,Lao,107.2,2916.10923,2000
lao,Lao,103.05,3033.61249,2001
lao,Lao,98.9,3163.07732,2002
lao,Lao,94.81,3304.59077,2003
lao,Lao,90.78,3464.16562,2004
lao,Lao,86.84,3651.7154,2005
lao,Lao,82.94,3880.73142,2006
lao,Lao,79.08,4129.17689,2007
lao,Lao,75.36,4379.65438,2008
lao,Lao,71.72,4631.96746,2009
lao,Lao,68.27,4946.10564,2010
lbn,Lebanon,19.89,11315.07118,2000
lbn,Lebanon,18.7,11634.75954,2001
lbn,Lebanon,17.54,11930.2893,2002
lbn,Lebanon,16.37,12201.25174,2003
lbn,Lebanon,15.18,12864.28796,2004
lbn,Lebanon,14.05,13041.6867,2005
lbn,Lebanon,13.02,13040.91933,2006
lbn,Lebanon,12.11,13987.73909,2007
lbn,Lebanon,11.36,15001.4709,2008
lbn,Lebanon,10.72,16297.40785,2009
lbn,Lebanon,10.19,17390.7584,2010
lbr,Liberia,189.67,1773.49234,2000
lbr,Liberia,176.6,1809.79138,2001
lbr,Liberia,163.66,1876.64189,2002
lbr,Liberia,151.29,1290.02676,2003
lbr,Liberia,139.79,1296.5855,2004
lbr,Liberia,129.59,1309.06143,2005
lbr,Liberia,121.01,1342.61658,2006
lbr,Liberia,113.95,1402.31948,2007
lbr,Liberia,108.24,1450.60369,2008
lbr,Liberia,103.55,1486.86272,2009
lbr,Liberia,99.82,1538.85083,2010
lby,Libya,28.1,16980.38363,2000
lby,Libya,27.27,16648.99624,2001
lby,Libya,26.45,16355.17401,2002
lby,Libya,25.52,18291.09457,2003
lby,Libya,24.41,18855.45539,2004
lby,Libya,23.13,20743.89301,2005
lby,Libya,21.68,21719.57712,2006
lby,Libya,20.17,22619.89506,2007
lby,Libya,18.76,22178.26602,2008
lby,Libya,17.58,20672.92354,2009
lby,Libya,16.59,21109.96793,2010
lca,St. Lucia,18.36,17094.41493,2000
lca,St. Lucia,18.28,16544.95503,2001
lca,St. Lucia,18.24,16666.96197,2002
lca,St. Lucia,18.26,17441.56304,2003
lca,St. Lucia,18.33,18770.48958,2004
lca,St. Lucia,18.44,18740.06188,2005
lca,St. Lucia,18.6,19947.63643,2006
lca,St. Lucia,18.8,20314.52634,2007
lca,St. Lucia,19.03,21350.20787,2008
lca,St. Lucia,19.32,20775.71543,2009
lca,St. Lucia,19.65,20849.05512,2010
lka,Sri Lanka,16.92,6608.71259,2000
lka,Sri Lanka,16.07,6381.1372,2001
lka,Sri Lanka,14.59,6539.77854,2002
lka,Sri Lanka,14.04,6854.39425,2003
lka,Sri Lanka,12.64,7156.22946,2004
lka,Sri Lanka,19.37,7533.6151,2005
lka,Sri Lanka,12.33,8037.25742,2006
lka,Sri Lanka,10.86,8505.18757,2007
lka,Sri Lanka,12.21,8932.08535,2008
lka,Sri Lanka,12.26,9173.15096,2009
lka,Sri Lanka,12.4,9832.18622,2010
lso,Lesotho,106.92,2018.82258,2000
lso,Lesotho,108.83,2079.02974,2001
lso,Lesotho,110.73,2084.95818,2002
lso,Lesotho,112.73,2176.65739,2003
lso,Lesotho,114.5,2217.41832,2004
lso,Lesotho,116.09,2302.38253,2005
lso,Lesotho,116.47,2400.48772,2006
lso,Lesotho,114.28,2484.13606,2007
lso,Lesotho,113.03,2597.78691,2008
lso,Lesotho,104.18,2543.48624,2009
lso,Lesotho,96.42,2651.37805,2010
ltu,Lithuania,10.72,15572.75456,2000
ltu,Lithuania,10.3,16741.67663,2001
ltu,Lithuania,9.89,18034.14359,2002
ltu,Lithuania,9.54,20124.46223,2003
ltu,Lithuania,9.28,21703.07383,2004
ltu,Lithuania,9.03,23794.49118,2005
ltu,Lithuania,8.64,25998.13053,2006
ltu,Lithuania,8.04,29260.05645,2007
ltu,Lithuania,7.35,30369.42416,2008
ltu,Lithuania,6.66,26184.70551,2009
ltu,Lithuania,6.04,26887.49131,2010
lux,Luxembourg,4.52,105744.8971,2000
lux,Luxembourg,4.24,108404.5395,2001
lux,Luxembourg,3.99,111622.4333,2002
lux,Luxembourg,3.75,113887.9356,2003
lux,Luxembourg,3.54,117865.5346,2004
lux,Luxembourg,3.36,119947.1266,2005
lux,Luxembourg,3.21,126076.8982,2006
lux,Luxembourg,3.08,135296.0133,2007
lux,Luxembourg,2.97,133542.6202,2008
lux,Luxembourg,2.89,127891.4399,2009
lux,Luxembourg,2.83,131432.0596,2010
lva,Latvia,14.21,14631.5001,2000
lva,Latvia,13.28,15755.35528,2001
lva,Latvia,12.56,17128.81367,2002
lva,Latvia,11.9,18734.42372,2003
lva,Latvia,11.2,20570.08999,2004
lva,Latvia,10.48,23183.29827,2005
lva,Latvia,9.85,26380.36588,2006
lva,Latvia,9.32,29365.76926,2007
lva,Latvia,8.82,28681.14263,2008
lva,Latvia,8.32,24505.49003,2009
lva,Latvia,7.8,24119.73078,2010
mar,Morocco,52.32,5262.19116,2000
mar,Morocco,50.14,5571.15868,2001
mar,Morocco,48.02,5681.19619,2002
mar,Morocco,45.91,5935.52988,2003
mar,Morocco,43.73,6109.49798,2004
mar,Morocco,41.53,6201.10325,2005
mar,Morocco,39.3,6572.15745,2006
mar,Morocco,37.13,6685.63947,2007
mar,Morocco,35.03,6948.25428,2008
mar,Morocco,33.04,7088.24049,2009
mar,Morocco,31.19,7210.63672,2010
mco,Monaco,5.1,238547.0417,2000
mco,Monaco,4.9,246826.2616,2001
mco,Monaco,4.8,253119.6762,2002
mco,Monaco,4.7,259620.0048,2003
mco,Monaco,4.6,269933.6927,2004
mco,Monaco,4.5,278689.2909,2005
mco,Monaco,4.4,294763.3933,2006
mco,Monaco,4.3,335747.8329,2007
mco,Monaco,4.2,336887.0953,2008
mco,Monaco,4.1,308897.2706,2009
mco,Monaco,4.0,317914.6823,2010
mda,Moldova,31.51,5439.47218,2000
mda,Moldova,28.56,5807.35467,2001
mda,Moldova,25.76,6301.55086,2002
mda,Moldova,23.35,6766.93984,2003
mda,Moldova,21.47,7320.24172,2004
mda,Moldova,20.05,7928.45439,2005
mda,Moldova,19.04,8376.23856,2006
mda,Moldova,18.33,8695.70584,2007
mda,Moldova,17.8,9446.53942,2008
mda,Moldova,17.44,8944.8927,2009
mda,Moldova,17.15,9649.95099,2010
mdg,Madagascar,105.37,1694.67393,2000
mdg,Madagascar,100.78,1745.16802,2001
mdg,Madagascar,96.49,1486.11958,2002
mdg,Madagascar,92.43,1586.25455,2003
mdg,Madagascar,88.5,1623.16057,2004
mdg,Madagascar,84.81,1652.10454,2005
mdg,Madagascar,81.28,1691.25894,2006
mdg,Madagascar,77.9,1736.46208,2007
mdg,Madagascar,74.81,1798.6291,2008
mdg,Madagascar,71.95,1675.25797,2009
mdg,Madagascar,69.32,1635.24511,2010
mdv,Maldives,38.96,13643.94781,2000
mdv,Maldives,34.63,12884.92356,2001
mdv,Maldives,30.66,13586.38972,2002
mdv,Maldives,27.11,15196.64198,2003
mdv,Maldives,26.86,15837.69504,2004
mdv,Maldives,21.46,13823.02455,2005
mdv,Maldives,19.31,16732.71966,2006
mdv,Maldives,17.55,17375.84649,2007
mdv,Maldives,16.09,18307.67501,2008
mdv,Maldives,14.88,16218.08905,2009
mdv,Maldives,13.85,16730.01442,2010
mex,Mexico,28.38,19908.14321,2000
mex,Mexico,27.12,19620.26506,2001
mex,Mexico,25.95,19395.26617,2002
mex,Mexico,24.86,19422.80593,2003
mex,Mexico,23.87,19911.1135,2004
mex,Mexico,22.95,20124.2296,2005
mex,Mexico,22.09,20853.26453,2006
mex,Mexico,21.29,21036.09314,2007
mex,Mexico,20.55,20956.7633,2008
mex,Mexico,19.86,19376.05357,2009
mex,Mexico,19.2,20058.38548,2010
mhl,Marshall Islands,42.0,3800.07744,2000
mhl,Marshall Islands,42.05,4017.18911,2001
mhl,Marshall Islands,41.93,4126.32541,2002
mhl,Marshall Islands,41.65,4044.94902,2003
mhl,Marshall Islands,41.32,4012.28804,2004
mhl,Marshall Islands,41.02,4074.82182,2005
mhl,Marshall Islands,40.65,4076.50248,2006
mhl,Marshall Islands,40.22,4222.31016,2007
mhl,Marshall Islands,39.78,3909.90973,2008
mhl,Marshall Islands,39.36,4047.51962,2009
mhl,Marshall Islands,38.99,4269.35843,2010
mkd,North Macedonia,15.98,11809.58873,2000
mkd,North Macedonia,14.78,11422.40041,2001
mkd,North Macedonia,14.33,11686.62394,2002
mkd,North Macedonia,14.36,11953.65794,2003
mkd,North Macedonia,14.26,12570.3932,2004
mkd,North Macedonia,13.72,13252.08051,2005
mkd,North Macedonia,12.98,14028.64075,2006
mkd,North Macedonia,12.29,15043.63907,2007
mkd,North Macedonia,11.66,15983.2583,2008
mkd,North Macedonia,11.0,16055.28825,2009
mkd,North Macedonia,10.36,16730.16875,2010
mli,Mali,187.42,1854.02231,2000
mli,Mali,181.07,2085.90553,2001
mli,Mali,174.67,2093.25341,2002
mli,Mali,168.35,2217.92891,2003
mli,Mali,162.19,2186.81189,2004
mli,Mali,156.37,2280.77116,2005
mli,Mali,150.79,2358.76971,2006
mli,Mali,145.37,2378.00868,2007
mli,Mali,140.21,2458.1025,2008
mli,Mali,135.13,2498.01449,2009
mli,Mali,130.28,2594.41565,2010
mlt,Malta,7.79,30472.6794,2000
mlt,Malta,7.55,30125.32912,2001
mlt,Malta,7.35,30781.2392,2002
mlt,Malta,7.18,31725.70052,2003
mlt,Malta,7.05,31699.24739,2004
mlt,Malta,6.95,32482.84961,2005
mlt,Malta,6.88,33165.59803,2006
mlt,Malta,6.81,34758.54591,2007
mlt,Malta,6.75,36111.44129,2008
mlt,Malta,6.71,35403.97747,2009
mlt,Malta,6.67,37492.67548,2010
mmr,Myanmar,89.58,1480.20467,2000
mmr,Myanmar,87.15,1613.49953,2001
mmr,Myanmar,84.74,1771.33976,2002
mmr,Myanmar,82.29,1978.38482,2003
mmr,Myanmar,79.75,2206.92628,2004
mmr,Myanmar,77.17,2465.03768,2005
mmr,Myanmar,74.51,2744.36713,2006
mmr,Myanmar,71.84,3028.21296,2007
mmr,Myanmar,98.43,3290.85083,2008
mmr,Myanmar,66.33,3594.33403,2009
mmr,Myanmar,63.66,3893.79031,2010
mne,Montenegro,14.18,13282.74747,2000
mne,Montenegro,15.7,13581.45852,2001
mne,Montenegro,12.94,13976.90186,2002
mne,Montenegro,12.17,14443.43883,2003
mne,Montenegro,11.37,15216.20192,2004
mne,Montenegro,10.54,15972.78646,2005
mne,Montenegro,9.72,17449.70872,2006
mne,Montenegro,8.7,18751.30328,2007
mne,Montenegro,8.2,20145.93819,2008
mne,Montenegro,6.0,18982.64833,2009
mne,Montenegro,7.5,19481.40719,2010
mng,Mongolia,63.45,5499.26802,2000
mng,Mongolia,58.49,5659.42226,2001
mng,Mongolia,53.67,5913.39851,2002
mng,Mongolia,49.1,6305.11321,2003
mng,Mongolia,44.85,6950.37134,2004
mng,Mongolia,40.94,7418.6352,2005
mng,Mongolia,37.36,7996.2096,2006
mng,Mongolia,34.12,8729.25736,2007
mng,Mongolia,31.2,9378.25723,2008
mng,Mongolia,28.57,9101.86854,2009
mng,Mongolia,26.29,9507.11882,2010
moz,Mozambique,170.42,719.34845,2000
moz,Mozambique,161.03,792.39659,2001
moz,Mozambique,152.56,847.42533,2002
moz,Mozambique,144.99,886.47313,2003
moz,Mozambique,138.17,936.22742,2004
moz,Mozambique,132.04,973.32303,2005
moz,Mozambique,126.15,1043.9713,2006
moz,Mozambique,118.83,1096.58921,2007
moz,Mozambique,112.88,1142.8423,2008
moz,Mozambique,107.34,1179.2234,2009
moz,Mozambique,104.9,1224.23021,2010
mrt,Mauritania,112.47,4556.78573,2000
mrt,Mauritania,112.07,4479.34501,2001
mrt,Mauritania,111.5,4486.13711,2002
mrt,Mauritania,110.83,4733.72513,2003
mrt,Mauritania,109.71,4896.03471,2004
mrt,Mauritania,108.06,5238.92547,2005
mrt,Mauritania,106.07,6101.8421,2006
mrt,Mauritania,103.71,5888.90125,2007
mrt,Mauritania,101.07,5746.05454,2008
mrt,Mauritania,98.37,5608.36041,2009
mrt,Mauritania,95.6,5605.76389,2010
mus,Mauritius,18.78,14021.36627,2000
mus,Mauritius,17.49,14267.12388,2001
mus,Mauritius,16.57,14295.52068,2002
mus,Mauritius,16.03,14934.18232,2003
mus,Mauritius,15.76,15390.75057,2004
mus,Mauritius,15.64,15487.53309,2005
mus,Mauritius,15.46,16086.48209,2006
mus,Mauritius,15.2,16859.11109,2007
mus,Mauritius,14.9,17638.14144,2008
mus,Mauritius,14.62,18117.4412,2009
mus,Mauritius,14.49,18819.99841,2010
mwi,Malawi,174.59,1246.68825,2000
mwi,Malawi,160.54,1156.01263,2001
mwi,Malawi,145.55,1145.60656,2002
mwi,Malawi,131.58,1179.46015,2003
mwi,Malawi,119.71,1210.29196,2004
mwi,Malawi,110.54,1215.72811,2005
mwi,Malawi,104.24,1237.46547,2006
mwi,Malawi,99.91,1318.03456,2007
mwi,Malawi,94.52,1377.884,2008
mwi,Malawi,89.4,1449.27141,2009
mwi,Malawi,84.18,1504.37514,2010
mys,Malaysia,10.19,18455.11576,2000
mys,Malaysia,9.45,18132.46258,2001
mys,Malaysia,8.88,18678.23787,2002
mys,Malaysia,8.54,19314.02394,2003
mys,Malaysia,8.33,20166.7395,2004
mys,Malaysia,8.21,20777.09389,2005
mys,Malaysia,8.14,21466.88772,2006
mys,Malaysia,8.11,22333.7585,2007
mys,Malaysia,8.1,22924.91822,2008
mys,Malaysia,8.09,22122.93767,2009
mys,Malaysia,8.06,23307.96985,2010
nam,Namibia,75.84,7874.98348,2000
nam,Namibia,75.29,7796.34528,2001
nam,Namibia,74.7,8027.2393,2002
nam,Namibia,74.41,8225.77575,2003
nam,Namibia,74.36,9116.47953,2004
nam,Namibia,70.57,9234.0936,2005
nam,Namibia,65.37,9764.89304,2006
nam,Namibia,60.81,10156.50296,2007
nam,Namibia,55.1,10283.26448,2008
nam,Namibia,51.61,10165.05149,2009
nam,Namibia,49.11,10614.62016,2010
ner,Niger,224.9,1148.48705,2000
ner,Niger,215.19,1194.89312,2001
ner,Niger,204.46,1214.9214,2002
ner,Niger,193.13,1207.39718,2003
ner,Niger,181.55,1171.01571,2004
ner,Niger,170.19,1216.43613,2005
ner,Niger,159.35,1245.65818,2006
ner,Niger,149.04,1241.91548,2007
ner,Niger,139.34,1293.68022,2008
ner,Niger,130.26,1273.85258,2009
ner,Niger,121.9,1336.5641,2010
nga,Nigeria,182.86,3226.14641,2000
nga,Nigeria,177.25,3345.83079,2001
nga,Nigeria,171.54,3767.95512,2002
nga,Nigeria,165.94,3957.28466,2003
nga,Nigeria,160.3,4220.82992,2004
nga,Nigeria,155.03,4379.91111,2005
nga,Nigeria,150.1,4525.52325,2006
nga,Nigeria,145.58,4694.80547,2007
nga,Nigeria,141.72,4872.93098,2008
nga,Nigeria,138.34,5113.47496,2009
nga,Nigeria,135.53,5359.51848,2010
nic,Nicaragua,38.55,4710.4306,2000
nic,Nicaragua,36.51,4812.59182,2001
nic,Nicaragua,34.63,4813.51285,2002
nic,Nicaragua,32.9,4898.9078,2003
nic,Nicaragua,31.33,5119.93712,2004
nic,Nicaragua,29.88,5290.82139,2005
nic,Nicaragua,28.52,5451.78121,2006
nic,Nicaragua,27.26,5664.51335,2007
nic,Nicaragua,26.06,5789.17233,2008
nic,Nicaragua,24.94,5530.86828,2009
nic,Nicaragua,23.9,5701.1279,2010
nld,Netherlands,6.19,55211.00112,2000
nld,Netherlands,6.07,56177.87032,2001
nld,Netherlands,5.91,56063.70601,2002
nld,Netherlands,5.73,55971.60417,2003
nld,Netherlands,5.53,57000.49232,2004
nld,Netherlands,5.32,58119.36479,2005
nld,Netherlands,5.11,60160.42039,2006
nld,Netherlands,4.91,62432.47586,2007
nld,Netherlands,4.72,63566.68986,2008
nld,Netherlands,4.56,60980.28095,2009
nld,Netherlands,4.42,61518.55401,2010
nor,Norway,4.86,76788.74651,2000
nor,Norway,4.71,78367.82866,2001
nor,Norway,4.56,79347.25467,2002
nor,Norway,4.38,79881.05934,2003
nor,Norway,4.22,82786.9453,2004
nor,Norway,4.05,84553.41831,2005
nor,Norway,3.89,85988.98405,2006
nor,Norway,3.73,87562.62169,2007
nor,Norway,3.58,86795.5118,2008
nor,Norway,3.42,83883.37384,2009
nor,Norway,3.27,83256.78807,2010
npl,Nepal,79.15,2326.07294,2000
npl,Nepal,74.62,2401.67725,2001
npl,Nepal,70.36,2368.99727,2002
npl,Nepal,66.41,2428.772,2003
npl,Nepal,62.75,2511.46651,2004
npl,Nepal,59.38,2570.84456,2005
npl,Nepal,56.32,2634.01895,2006
npl,Nepal,53.44,2702.77225,2007
npl,Nepal,50.8,2848.10016,2008
npl,Nepal,48.28,2959.22635,2009
npl,Nepal,45.89,3085.31407,2010
nru,Nauru,42.57,9045.88119,2000
nru,Nauru,41.26,8453.49239,2001
nru,Nauru,40.19,7634.92083,2002
nru,Nauru,39.36,7665.34369,2003
nru,Nauru,38.81,7328.33621,2004
nru,Nauru,38.48,7240.16555,2005
nru,Nauru,38.4,7730.48873,2006
nru,Nauru,38.38,6123.69092,2007
nru,Nauru,38.3,7415.60076,2008
nru,Nauru,37.98,7007.89149,2009
nru,Nauru,37.52,6966.78567,2010
nzl,New Zealand,7.39,35871.34674,2000
nzl,New Zealand,7.21,36807.22838,2001
nzl,New Zealand,7.04,37904.08537,2002
nzl,New Zealand,6.88,38935.26133,2003
nzl,New Zealand,6.74,39957.50869,2004
nzl,New Zealand,6.61,40817.84481,2005
nzl,New Zealand,6.5,41455.34941,2006
nzl,New Zealand,6.4,42350.36139,2007
nzl,New Zealand,6.32,41573.46249,2008
nzl,New Zealand,6.23,41140.53326,2009
nzl,New Zealand,6.14,41270.92851,2010
omn,Oman,16.46,40524.4461,2000
omn,Oman,15.42,42340.35105,2001
omn,Oman,14.54,41867.99254,2002
omn,Oman,13.83,40743.64932,2003
omn,Oman,13.25,41072.01082,2004
omn,Oman,12.8,41481.61379,2005
omn,Oman,12.45,42653.91573,2006
omn,Oman,12.19,43898.2691,2007
omn,Oman,12.0,46798.95737,2008
omn,Oman,11.85,48443.3598,2009
omn,Oman,11.71,48191.61451,2010
pak,Pakistan,107.8,3621.88037,2000
pak,Pakistan,104.98,3640.97303,2001
pak,Pakistan,102.44,3646.92199,2002
pak,Pakistan,100.16,3751.99908,2003
pak,Pakistan,98.13,3939.02923,2004
pak,Pakistan,96.27,4114.79452,2005
pak,Pakistan,94.49,4248.39333,2006
pak,Pakistan,92.72,4306.74362,2007
pak,Pakistan,90.93,4268.21132,2008
pak,Pakistan,89.08,4288.37383,2009
pak,Pakistan,87.11,4228.78177,2010
pan,Panama,26.02,14371.4668,2000
pan,Panama,25.4,14249.01225,2001
pan,Panama,24.77,14350.55017,2002
pan,Panama,24.15,14811.56391,2003
pan,Panama,23.53,15741.34696,2004
pan,Panama,22.93,16743.71687,2005
pan,Panama,22.32,18075.76479,2006
pan,Panama,21.7,20109.67673,2007
pan,Panama,21.07,21790.55657,2008
pan,Panama,20.47,21786.09268,2009
pan,Panama,19.86,22739.11062,2010
per,Peru,38.2,7724.22627,2000
per,Peru,35.26,7663.7208,2001
per,Peru,32.68,7981.43617,2002
per,Peru,30.38,8220.07656,2003
per,Peru,28.34,8537.15543,2004
per,Peru,26.51,8986.11141,2005
per,Peru,24.87,9578.48689,2006
per,Peru,23.38,10310.62675,2007
per,Peru,22.04,11168.72285,2008
per,Peru,20.83,11212.67064,2009
per,Peru,19.75,12059.01802,2010
phl,Philippines,37.66,4827.84656,2000
phl,Philippines,36.93,4861.25528,2001
phl,Philippines,36.24,4934.5461,2002
phl,Philippines,35.54,5076.67025,2003
phl,Philippines,34.86,5298.45613,2004
phl,Philippines,34.19,5447.69536,2005
phl,Philippines,33.58,5630.26197,2006
phl,Philippines,33.05,5882.26257,2007
phl,Philippines,32.54,6016.67532,2008
phl,Philippines,32.09,5980.50897,2009
phl,Philippines,31.68,6273.03928,2010
plw,Palau,28.46,15586.24569,2000
plw,Palau,27.93,16425.81813,2001
plw,Palau,27.43,17071.35331,2002
plw,Palau,26.96,16377.65552,2003
plw,Palau,26.5,16893.73505,2004
plw,Palau,25.98,17474.70511,2005
plw,Palau,25.48,17615.35108,2006
plw,Palau,24.96,18177.88694,2007
plw,Palau,24.36,17436.43087,2008
plw,Palau,23.71,16420.39584,2009
plw,Palau,23.13,16530.84558,2010
png,Papua New Guinea,71.08,3350.12137,2000
png,Papua New Guinea,69.94,3237.16538,2001
png,Papua New Guinea,68.75,3127.237,2002
png,Papua New Guinea,67.47,3091.31069,2003
png,Papua New Guinea,66.21,3072.34331,2004
png,Papua New Guinea,64.9,3161.25688,2005
png,Papua New Guinea,63.54,3218.72622,2006
png,Papua New Guinea,62.15,3363.92381,2007
png,Papua New Guinea,60.77,3246.19449,2008
png,Papua New Guinea,59.34,3356.31321,2009
png,Papua New Guinea,57.93,3579.17141,2010
pol,Poland,9.3,18334.49982,2000
pol,Poland,8.81,18612.30925,2001
pol,Poland,8.43,19019.6872,2002
pol,Poland,8.11,19741.60119,2003
pol,Poland,7.82,20793.47082,2004
pol,Poland,7.55,21513.65483,2005
pol,Poland,7.3,22886.21627,2006
pol,Poland,7.03,24468.67846,2007
pol,Poland,6.7,25549.19487,2008
pol,Poland,6.32,26206.23389,2009
pol,Poland,5.96,27112.13338,2010
prk,North Korea,60.0,1672.45101,2000
prk,North Korea,52.1,1711.88224,2001
prk,North Korea,44.7,1710.91213,2002
prk,North Korea,38.9,1721.85746,2003
prk,North Korea,35.0,1737.6171,2004
prk,North Korea,33.0,1782.7741,2005
prk,North Korea,32.4,1745.03059,2006
prk,North Korea,32.2,1706.62299,2007
prk,North Korea,31.8,1745.35003,2008
prk,North Korea,31.0,1712.06133,2009
prk,North Korea,29.5,1686.7512,2010
prt,Portugal,7.19,34490.82,2000
prt,Portugal,6.64,34989.77279,2001
prt,Portugal,6.06,35139.00933,2002
prt,Portugal,5.5,34749.20143,2003
prt,Portugal,5.02,35351.62552,2004
prt,Portugal,4.64,35622.73481,2005
prt,Portugal,4.36,36193.11836,2006
prt,Portugal,4.16,37083.19514,2007
prt,Portugal,4.02,37198.64961,2008
prt,Portugal,3.91,36050.61782,2009
prt,Portugal,3.82,36703.11402,2010
pry,Paraguay,33.87,9409.92057,2000
pry,Paraguay,33.09,9266.47124,2001
pry,Paraguay,32.31,9333.5949,2002
pry,Paraguay,31.56,9650.79944,2003
pry,Paraguay,30.82,9961.97786,2004
pry,Paraguay,30.01,10098.54606,2005
pry,Paraguay,29.31,10512.34007,2006
pry,Paraguay,28.52,11014.72226,2007
pry,Paraguay,27.71,11660.62392,2008
pry,Paraguay,26.93,11550.16197,2009
pry,Paraguay,26.17,12738.57656,2010
pse,Palestine,30.37,4829.81047,2000
pse,Palestine,29.43,4226.68901,2001
pse,Palestine,28.53,3572.22475,2002
pse,Palestine,27.65,3936.54946,2003
pse,Palestine,26.79,4603.27791,2004
pse,Palestine,25.92,4964.9129,2005
pse,Palestine,25.09,4760.95564,2006
pse,Palestine,24.26,4805.25922,2007
pse,Palestine,23.49,5004.56469,2008
pse,Palestine,22.74,5279.29973,2009
pse,Palestine,22.07,5432.24363,2010
qat,Qatar,12.4,87743.72295,2000
qat,Qatar,11.9,88501.85563,2001
qat,Qatar,11.5,91956.39756,2002
qat,Qatar,11.1,92159.9721,2003
qat,Qatar,10.7,106340.7024,2004
qat,Qatar,10.4,107403.6527,2005
qat,Qatar,10.1,115662.0324,2006
qat,Qatar,9.8,110412.7366,2007
qat,Qatar,9.5,110060.3064,2008
qat,Qatar,9.2,108980.1659,2009
qat,Qatar,9.0,129045.0056,2010
rou,Romania,21.57,13926.91126,2000
rou,Romania,20.53,15029.22008,2001
rou,Romania,20.11,16321.47101,2002
rou,Romania,19.97,16997.02513,2003
rou,Romania,19.39,18988.32604,2004
rou,Romania,18.13,20120.47984,2005
rou,Romania,16.6,22014.45635,2006
rou,Romania,15.17,24083.33279,2007
rou,Romania,13.98,26871.97991,2008
rou,Romania,13.05,25687.0848,2009
rou,Romania,12.37,24900.23033,2010
rus,Russia,19.29,19109.81254,2000
rus,Russia,18.34,20330.95747,2001
rus,Russia,17.25,21542.91112,2002
rus,Russia,16.07,23377.38743,2003
rus,Russia,14.9,25313.33615,2004
rus,Russia,13.78,27180.8808,2005
rus,Russia,12.77,29644.43878,2006
rus,Russia,11.9,32352.78407,2007
rus,Russia,11.2,34169.8408,2008
rus,Russia,10.69,31584.80031,2009
rus,Russia,10.37,33063.58594,2010
rwa,Rwanda,185.16,1060.64365,2000
rwa,Rwanda,167.4,1131.0756,2001
rwa,Rwanda,149.62,1253.68904,2002
rwa,Rwanda,133.46,1246.67796,2003
rwa,Rwanda,118.63,1298.40345,2004
rwa,Rwanda,105.41,1377.21062,2005
rwa,Rwanda,93.93,1459.38743,2006
rwa,Rwanda,84.44,1524.63641,2007
rwa,Rwanda,76.32,1646.69354,2008
rwa,Rwanda,69.63,1701.97716,2009
rwa,Rwanda,63.84,1779.15851,2010
sau,Saudi Arabia,22.02,51649.9186,2000
sau,Saudi Arabia,20.74,49984.6681,2001
sau,Saudi Arabia,19.56,47847.63417,2002
sau,Saudi Arabia,18.47,50402.0537,2003
sau,Saudi Arabia,17.44,52846.12676,2004
sau,Saudi Arabia,16.46,54038.83725,2005
sau,Saudi Arabia,15.54,53859.94698,2006
sau,Saudi Arabia,14.66,53086.86599,2007
sau,Saudi Arabia,13.82,54355.42282,2008
sau,Saudi Arabia,13.01,51777.98146,2009
sau,Saudi Arabia,12.25,54911.54752,2010
sdn,Sudan,104.28,3417.72691,2000
sdn,Sudan,100.88,3566.51472,2001
sdn,Sudan,97.42,3703.35497,2002
sdn,Sudan,94.16,3861.226,2003
sdn,Sudan,91.02,3970.10127,2004
sdn,Sudan,88.1,4104.40877,2005
sdn,Sudan,85.33,4274.67822,2006
sdn,Sudan,82.66,4411.58603,2007
sdn,Sudan,80.17,4451.99211,2008
sdn,Sudan,77.86,4195.98319,2009
sdn,Sudan,75.68,4219.83691,2010
sen,Senegal,129.55,3025.6101,2000
sen,Senegal,122.88,3085.2906,2001
sen,Senegal,115.1,3019.10643,2002
sen,Senegal,107.01,3120.05929,2003
sen,Senegal,99.12,3197.14275,2004
sen,Senegal,91.77,3265.85849,2005
sen,Senegal,85.18,3270.7774,2006
sen,Senegal,79.36,3295.20445,2007
sen,Senegal,74.28,3344.52397,2008
sen,Senegal,69.8,3363.26324,2009
sen,Senegal,65.73,3403.56707,2010
sgp,Singapore,3.87,65418.14388,2000
sgp,Singapore,3.6,63377.94302,2001
sgp,Singapore,3.37,65510.59032,2002
sgp,Singapore,3.18,69590.25317,2003
sgp,Singapore,3.03,75877.95335,2004
sgp,Singapore,2.94,80017.08023,2005
sgp,Singapore,2.88,85005.30868,2006
sgp,Singapore,2.85,89389.31469,2007
sgp,Singapore,2.84,86768.19679,2008
sgp,Singapore,2.84,84585.75269,2009
sgp,Singapore,2.83,95456.18931,2010
slb,Solomon Islands,30.74,2297.6439,2000
slb,Solomon Islands,30.37,2070.03378,2001
slb,Solomon Islands,30.09,1971.19788,2002
slb,Solomon Islands,29.83,2058.41971,2003
slb,Solomon Islands,29.57,2169.68067,2004
slb,Solomon Islands,29.25,2284.10999,2005
slb,Solomon Islands,28.87,2340.83468,2006
slb,Solomon Islands,28.37,2387.51606,2007
slb,Solomon Islands,27.76,2492.18037,2008
slb,Solomon Islands,27.08,2513.16372,2009
slb,Solomon Islands,26.38,2682.28529,2010
sle,Sierra Leone,224.85,1824.79416,2000
sle,Sierra Leone,219.43,1673.66366,2001
sle,Sierra Leone,213.9,2008.84405,2002
sle,Sierra Leone,208.09,2122.10412,2003
sle,Sierra Leone,201.95,2196.45543,2004
sle,Sierra Leone,195.54,2243.41579,2005
sle,Sierra Leone,188.89,2299.45302,2006
sle,Sierra Leone,181.99,2349.59932,2007
sle,Sierra Leone,174.94,2387.68198,2008
sle,Sierra Leone,167.75,2370.01474,2009
sle,Sierra Leone,160.63,2461.98105,2010
slv,El Salvador,33.19,7497.59169,2000
slv,El Salvador,31.34,7558.43492,2001
slv,El Salvador,29.64,7676.18413,2002
slv,El Salvador,28.06,7797.59635,2003
slv,El Salvador,26.56,7872.2645,2004
slv,El Salvador,25.13,8088.6992,2005
slv,El Salvador,23.81,8440.24662,2006
slv,El Salvador,22.58,8588.87985,2007
slv,El Salvador,21.45,8733.46566,2008
slv,El Salvador,20.39,8508.9752,2009
slv,El Salvador,19.38,8648.92983,2010
smr,San Marino,3.33,83242.7805,2001
smr,San Marino,4.8,82129.89427,2002
smr,San Marino,4.46,83902.87492,2003
smr,San Marino,3.23,82905.94827,2004
smr,San Marino,2.59,85275.61041,2006
smr,San Marino,3.03,85986.32619,2008
smr,San Marino,3.16,68669.25265,2010
som,Somalia,172.71,716.42269,2000
som,Somalia,172.71,733.19436,2001
som,Somalia,172.71,756.37389,2002
som,Somalia,172.71,781.35822,2003
som,Somalia,172.71,804.23113,2004
som,Somalia,172.63,829.94429,2005
som,Somalia,171.99,855.56388,2006
som,Somalia,170.07,884.12801,2007
som,Somalia,166.48,915.86207,2008
som,Somalia,161.93,953.8074,2009
som,Somalia,157.39,994.86846,2010
srb,Serbia,12.65,10614.4698,2000
srb,Serbia,12.21,11418.6831,2001
srb,Serbia,11.48,12260.62781,2002
srb,Serbia,10.55,12927.99991,2003
srb,Serbia,9.65,13925.98811,2004
srb,Serbia,8.94,14857.66651,2005
srb,Serbia,8.43,15571.51567,2006
srb,Serbia,8.13,16904.35045,2007
srb,Serbia,7.95,17908.02822,2008
srb,Serbia,7.8,17456.40097,2009
srb,Serbia,7.6,17840.4348,2010
ssd,South Sudan,181.15,701.20667,2000
ssd,South Sudan,172.07,696.29345,2001
ssd,South Sudan,163.43,696.00116,2002
ssd,South Sudan,155.08,695.67877,2003
ssd,South Sudan,147.27,694.19612,2004
ssd,South Sudan,139.73,691.5774,2005
ssd,South Sudan,132.69,685.61683,2006
ssd,South Sudan,126.14,680.81284,2007
ssd,South Sudan,119.92,676.04252,2008
ssd,South Sudan,113.99,671.30562,2009
ssd,South Sudan,108.41,665.518,2010
stp,Sao Tome and Principe,82.03,3711.08247,2000
stp,Sao Tome and Principe,76.52,3776.45593,2001
stp,Sao Tome and Principe,70.95,3822.2203,2002
stp,Sao Tome and Principe,65.55,4048.06029,2003
stp,Sao Tome and Principe,60.36,4107.39949,2004
stp,Sao Tome and Principe,55.47,4292.15451,2005
stp,Sao Tome and Principe,50.9,4578.84967,2006
stp,Sao Tome and Principe,46.68,4648.90078,2007
stp,Sao Tome and Principe,42.85,4842.5292,2008
stp,Sao Tome and Principe,39.33,4903.61402,2009
stp,Sao Tome and Principe,36.05,4882.04796,2010
sur,Suriname,22.7,15730.67361,2000
sur,Suriname,26.11,16124.6014,2001
sur,Suriname,23.71,16306.29235,2002
sur,Suriname,19.41,17057.51916,2003
sur,Suriname,18.01,18291.02133,2004
sur,Suriname,19.83,18964.50522,2005
sur,Suriname,21.41,19898.56044,2006
sur,Suriname,20.81,20733.97283,2007
sur,Suriname,20.88,21400.36492,2008
sur,Suriname,21.36,21847.62245,2009
sur,Suriname,20.92,22772.47545,2010
svk,Slovak Republic,9.75,18368.86038,2000
svk,Slovak Republic,9.4,18941.46331,2001
svk,Slovak Republic,9.07,19778.75141,2002
svk,Slovak Republic,8.77,20755.65526,2003
svk,Slovak Republic,8.48,21867.34973,2004
svk,Slovak Republic,8.2,23279.38612,2005
svk,Slovak Republic,7.92,25341.72937,2006
svk,Slovak Republic,7.66,28069.62684,2007
svk,Slovak Republic,7.42,29548.18415,2008
svk,Slovak Republic,7.19,27881.80086,2009
svk,Slovak Republic,6.99,29745.86139,2010
svn,Slovenia,5.47,29866.49515,2000
svn,Slovenia,5.18,30671.05794,2001
svn,Slovenia,4.92,31664.56603,2002
svn,Slovenia,4.66,32653.76114,2003
svn,Slovenia,4.42,34125.64025,2004
svn,Slovenia,4.2,35403.55285,2005
svn,Slovenia,3.98,37396.28215,2006
svn,Slovenia,3.77,39879.39188,2007
svn,Slovenia,3.58,41191.95491,2008
svn,Slovenia,3.4,37763.60268,2009
svn,Slovenia,3.23,38065.73615,2010
swe,Sweden,4.1,47554.61213,2000
swe,Sweden,4.05,48121.13764,2001
swe,Sweden,3.98,49124.55863,2002
swe,Sweden,3.88,49935.32894,2003
swe,Sweden,3.75,51863.66652,2004
swe,Sweden,3.6,53149.96078,2005
swe,Sweden,3.45,55344.698,2006
swe,Sweden,3.32,56739.80248,2007
swe,Sweden,3.21,55800.78651,2008
swe,Sweden,3.13,52966.61982,2009
swe,Sweden,3.06,55527.93981,2010
swz,Eswatini,112.19,6238.11593,2000
swz,Eswatini,115.8,6253.49065,2001
swz,Eswatini,117.74,6466.889,2002
swz,Eswatini,119.25,6675.4961,2003
swz,Eswatini,119.71,6869.88342,2004
swz,Eswatini,119.36,7234.23245,2005
swz,Eswatini,108.96,7620.11392,2006
swz,Eswatini,103.84,7904.88179,2007
swz,Eswatini,101.9,7916.44946,2008
swz,Eswatini,95.98,7975.60776,2009
swz,Eswatini,85.47,8210.69699,2010
syc,Seychelles,13.75,20423.05769,2000
syc,Seychelles,13.72,19994.93405,2001
syc,Seychelles,13.71,19742.58721,2002
syc,Seychelles,13.71,18790.13164,2003
syc,Seychelles,13.72,18355.37732,2004
syc,Seychelles,13.74,19941.61082,2005
syc,Seychelles,13.78,21404.71221,2006
syc,Seychelles,13.82,23201.50044,2007
syc,Seychelles,13.89,22069.98573,2008
syc,Seychelles,13.98,21409.57396,2009
syc,Seychelles,14.09,21708.75545,2010
syr,Syria,23.03,8116.3478,2000
syr,Syria,22.14,7964.55343,2001
syr,Syria,21.36,8040.54924,2002
syr,Syria,20.69,8286.14301,2003
syr,Syria,20.14,8601.33902,2004
syr,Syria,19.68,8868.48394,2005
syr,Syria,19.31,8904.42055,2006
syr,Syria,19.06,8838.83743,2007
syr,Syria,18.9,8901.19344,2008
syr,Syria,18.84,9276.9505,2009
syr,Syria,18.87,9546.56049,2010
tcd,Chad,183.98,1407.47073,2000
tcd,Chad,180.55,1531.79032,2001
tcd,Chad,177.12,1617.6377,2002
tcd,Chad,173.78,1795.65899,2003
tcd,Chad,170.4,2311.35318,2004
tcd,Chad,166.92,2607.45074,2005
tcd,Chad,163.31,2520.23726,2006
tcd,Chad,159.61,2573.03387,2007
tcd,Chad,155.71,2573.74658,2008
tcd,Chad,151.72,2465.52669,2009
tcd,Chad,147.71,2717.50763,2010
tgo,Togo,119.93,2005.61984,2000
tgo,Togo,116.39,1975.28003,2001
tgo,Togo,112.9,1998.77466,2002
tgo,Togo,109.55,2088.43982,2003
tgo,Togo,106.27,2033.905,2004
tgo,Togo,103.14,1908.64738,2005
tgo,Togo,100.14,1914.8838,2006
tgo,Togo,97.25,1847.634,2007
tgo,Togo,94.43,1872.596,2008
tgo,Togo,91.7,1924.85687,2009
tgo,Togo,88.97,1988.95211,2010
tha,Thailand,21.95,11791.25763,2000
tha,Thailand,20.88,12050.57636,2001
tha,Thailand,19.88,12644.97588,2002
tha,Thailand,18.93,13405.24847,2003
tha,Thailand,18.03,14099.036,2004
tha,Thailand,17.17,14542.32913,2005
tha,Thailand,16.37,15118.03226,2006
tha,Thailand,15.61,15792.72969,2007
tha,Thailand,14.9,15923.78276,2008
tha,Thailand,14.22,15680.89203,2009
tha,Thailand,13.58,16730.36979,2010
tjk,Tajikistan,83.57,1470.93456,2000
tjk,Tajikistan,77.16,1568.5068,2001
tjk,Tajikistan,70.95,1690.09226,2002
tjk,Tajikistan,65.23,1824.99523,2003
tjk,Tajikistan,60.11,1959.233,2004
tjk,Tajikistan,55.63,2036.19774,2005
tjk,Tajikistan,51.88,2122.02333,2006
tjk,Tajikistan,48.82,2227.48611,2007
tjk,Tajikistan,46.3,2340.1787,2008
tjk,Tajikistan,44.31,2365.79447,2009
tjk,Tajikistan,42.71,2449.27359,2010
tkm,Turkmenistan,69.71,5175.88159,2000
tkm,Turkmenistan,65.97,5397.7409,2001
tkm,Turkmenistan,62.2,5385.14927,2002
tkm,Turkmenistan,58.57,5500.60305,2003
tkm,Turkmenistan,55.24,5673.20976,2004
tkm,Turkmenistan,52.29,6242.06214,2005
tkm,Turkmenistan,49.6,6740.57784,2006
tkm,Turkmenistan,47.38,7280.47327,2007
tkm,Turkmenistan,45.55,8113.97502,2008
tkm,Turkmenistan,44.14,8354.67656,2009
tkm,Turkmenistan,43.12,8842.33284,2010
tls,Timor-Leste,107.74,3862.79702,2000
tls,Timor-Leste,102.05,4116.4868,2001
tls,Timor-Leste,96.55,3562.75861,2002
tls,Timor-Leste,91.19,3340.92603,2003
tls,Timor-Leste,85.97,3437.77695,2004
tls,Timor-Leste,80.91,3501.73256,2005
tls,Timor-Leste,76.06,3289.19065,2006
tls,Timor-Leste,71.56,3450.57971,2007
tls,Timor-Leste,67.69,3669.87492,2008
tls,Timor-Leste,64.41,3858.85057,2009
tls,Timor-Leste,61.47,4049.18501,2010
ton,Tonga,16.91,5856.22403,2000
ton,Tonga,16.46,5919.77403,2001
ton,Tonga,16.0,6133.559,2002
ton,Tonga,15.56,6108.34797,2003
ton,Tonga,15.12,5954.06195,2004
ton,Tonga,14.72,5881.36707,2005
ton,Tonga,14.34,5715.82213,2006
ton,Tonga,13.98,5534.16673,2007
ton,Tonga,13.67,5774.08679,2008
ton,Tonga,13.4,5466.85025,2009
ton,Tonga,13.17,5488.7504,2010
tto,Trinidad and Tobago,23.94,20419.6703,2000
tto,Trinidad and Tobago,23.15,21076.82994,2001
tto,Trinidad and Tobago,23.03,22538.64603,2002
tto,Trinidad and Tobago,25.21,25556.20509,2003
tto,Trinidad and Tobago,16.49,27339.7768,2004
tto,Trinidad and Tobago,15.44,29968.21168,2005
tto,Trinidad and Tobago,14.11,33727.52144,2006
tto,Trinidad and Tobago,12.48,35087.40934,2007
tto,Trinidad and Tobago,19.15,36032.79313,2008
tto,Trinidad and Tobago,15.79,34327.2438,2009
tto,Trinidad and Tobago,14.71,35190.21666,2010
tun,Tunisia,29.92,9263.8496,2000
tun,Tunisia,27.92,9515.24818,2001
tun,Tunisia,26.13,9533.92966,2002
tun,Tunisia,24.58,9875.5455,2003
tun,Tunisia,23.23,10373.9473,2004
tun,Tunisia,22.03,10627.71843,2005
tun,Tunisia,21.03,11069.39488,2006
tun,Tunisia,20.16,11680.26312,2007
tun,Tunisia,19.45,12037.15196,2008
tun,Tunisia,18.86,12254.22964,2009
tun,Tunisia,18.4,12458.25735,2010
tur,Turkey,37.93,14897.78792,2000
tur,Turkey,35.26,13831.56944,2001
tur,Turkey,32.75,14567.44418,2002
tur,Turkey,30.39,15222.1931,2003
tur,Turkey,28.19,16504.40556,2004
tur,Turkey,26.15,17775.43114,2005
tur,Turkey,24.27,18797.86982,2006
tur,Turkey,22.53,19682.39627,2007
tur,Turkey,20.93,19573.32978,2008
tur,Turkey,19.45,18347.09957,2009
tur,Turkey,18.11,19564.7889,2010
tuv,Tuvalu,42.11,3770.50836,2000
tuv,Tuvalu,41.18,3754.38917,2001
tuv,Tuvalu,40.33,4079.53425,2002
tuv,Tuvalu,39.55,3870.52057,2003
tuv,Tuvalu,38.71,3733.77015,2004
tuv,Tuvalu,37.75,3513.28337,2005
tuv,Tuvalu,36.61,3551.787,2006
tuv,Tuvalu,35.34,3752.45208,2007
tuv,Tuvalu,34.0,3945.48632,2008
tuv,Tuvalu,32.64,3644.94159,2009
tuv,Tuvalu,31.31,3506.06023,2010
tza,Tanzania,129.73,1792.82437,2000
tza,Tanzania,121.92,1861.41533,2001
tza,Tanzania,113.95,1951.57594,2002
tza,Tanzania,106.52,2035.56231,2003
tza,Tanzania,99.87,2137.31153,2004
tza,Tanzania,93.9,2239.90235,2005
tza,Tanzania,88.77,2324.16223,2006
tza,Tanzania,83.81,2420.07714,2007
tza,Tanzania,79.64,2492.53135,2008
tza,Tanzania,75.38,2561.36835,2009
tza,Tanzania,71.93,2654.80347,2010
uga,Uganda,146.11,1501.54961,2000
uga,Uganda,139.25,1536.69035,2001
uga,Uganda,131.57,1613.87079,2002
uga,Uganda,123.46,1662.0518,2003
uga,Uganda,115.11,1718.80882,2004
uga,Uganda,107.06,1776.84593,2005
uga,Uganda,99.56,1904.85683,2006
uga,Uganda,92.83,2003.15025,2007
uga,Uganda,86.76,2113.76498,2008
uga,Uganda,81.52,2190.48073,2009
uga,Uganda,76.29,2244.60595,2010
ukr,Ukraine,15.4,9778.67964,2000
ukr,Ukraine,15.3,10828.82636,2001
ukr,Ukraine,14.1,11593.84214,2002
ukr,Ukraine,13.0,12881.9868,2003
ukr,Ukraine,12.4,14596.33258,2004
ukr,Ukraine,12.8,15258.93136,2005
ukr,Ukraine,12.5,16612.22621,2006
ukr,Ukraine,13.41,18151.64989,2007
ukr,Ukraine,12.86,18740.32581,2008
ukr,Ukraine,12.3,16035.32827,2009
ukr,Ukraine,11.73,16811.79492,2010
ury,Uruguay,16.99,18556.85792,2000
ury,Uruguay,16.55,17808.48984,2001
ury,Uruguay,16.17,16412.79634,2002
ury,Uruguay,15.74,16546.88123,2003
ury,Uruguay,15.15,17380.4423,2004
ury,Uruguay,14.36,18678.61672,2005
ury,Uruguay,13.49,19446.19417,2006
ury,Uruguay,12.63,20707.35148,2007
ury,Uruguay,11.85,22177.22099,2008
ury,Uruguay,11.21,23093.63076,2009
ury,Uruguay,10.71,24879.83502,2010
usa,USA,8.45,55889.51752,2000
usa,USA,8.33,55783.75337,2001
usa,USA,8.23,56127.43794,2002
usa,USA,8.14,57114.90269,2003
usa,USA,8.05,58672.14582,2004
usa,USA,7.96,60060.46474,2005
usa,USA,7.86,61043.40958,2006
usa,USA,7.74,61578.56309,2007
usa,USA,7.61,60971.05175,2008
usa,USA,7.48,58796.53195,2009
usa,USA,7.34,59789.41291,2010
uzb,Uzbekistan,60.66,3717.41589,2000
uzb,Uzbekistan,57.45,3784.66799,2001
uzb,Uzbekistan,53.94,3847.70134,2002
uzb,Uzbekistan,50.39,3923.88189,2003
uzb,Uzbekistan,46.82,4126.5675,2004
uzb,Uzbekistan,43.4,4320.94278,2005
uzb,Uzbekistan,40.15,4545.7087,2006
uzb,Uzbekistan,37.0,4868.67484,2007
uzb,Uzbekistan,34.04,5188.36176,2008
uzb,Uzbekistan,31.27,5477.39831,2009
uzb,Uzbekistan,28.72,5760.80512,2010
vct,St. Vincent and the Grenadines,22.17,10013.41602,2000
vct,St. Vincent and the Grenadines,22.03,10188.54185,2001
vct,St. Vincent and the Grenadines,21.88,10753.63244,2002
vct,St. Vincent and the Grenadines,21.73,11497.85129,2003
vct,St. Vincent and the Grenadines,21.6,11995.96585,2004
vct,St. Vincent and the Grenadines,21.45,12329.99452,2005
vct,St. Vincent and the Grenadines,21.29,13243.91913,2006
vct,St. Vincent and the Grenadines,21.08,13738.57139,2007
vct,St. Vincent and the Grenadines,20.77,13857.86634,2008
vct,St. Vincent and the Grenadines,20.36,13725.31295,2009
vct,St. Vincent and the Grenadines,19.83,13175.72302,2010
ven,Venezuela,21.57,12454.43236,2000
ven,Venezuela,20.9,12833.99055,2001
ven,Venezuela,20.35,11593.79182,2002
ven,Venezuela,19.78,10648.08192,2003
ven,Venezuela,19.12,12628.01445,2004
ven,Venezuela,18.47,14034.5749,2005
ven,Venezuela,17.89,15544.30445,2006
ven,Venezuela,17.43,16992.37514,2007
ven,Venezuela,17.15,17866.42605,2008
ven,Venezuela,17.04,17067.05407,2009
ven,Venezuela,17.06,16695.002,2010
vnm,Vietnam,29.8,4250.45395,2000
vnm,Vietnam,28.53,4477.15881,2001
vnm,Vietnam,27.39,4722.82509,2002
vnm,Vietnam,26.45,5008.5529,2003
vnm,Vietnam,25.63,5344.44392,2004
vnm,Vietnam,24.95,5705.39302,2005
vnm,Vietnam,24.39,6037.17638,2006
vnm,Vietnam,23.92,6370.74245,2007
vnm,Vietnam,23.52,6626.55947,2008
vnm,Vietnam,23.18,6897.38392,2009
vnm,Vietnam,22.92,7274.73311,2010
vut,Vanuatu,28.5,3400.34487,2000
vut,Vanuatu,28.29,3198.35345,2001
vut,Vanuatu,28.14,2952.50727,2002
vut,Vanuatu,28.1,2998.65223,2003
vut,Vanuatu,28.14,3037.30966,2004
vut,Vanuatu,28.23,3116.25682,2005
vut,Vanuatu,28.41,3293.3842,2006
vut,Vanuatu,28.6,3303.71983,2007
vut,Vanuatu,28.78,3396.27739,2008
vut,Vanuatu,28.98,3404.38083,2009
vut,Vanuatu,29.13,3359.84955,2010
wsm,Samoa,21.2,4786.98319,2000
wsm,Samoa,20.57,5082.10151,2001
wsm,Samoa,20.07,5308.03796,2002
wsm,Samoa,19.67,5535.14333,2003
wsm,Samoa,19.43,5671.08845,2004
wsm,Samoa,19.28,5994.51432,2005
wsm,Samoa,19.25,6080.80838,2006
wsm,Samoa,19.28,6075.11858,2007
wsm,Samoa,19.33,6220.72912,2008
wsm,Samoa,25.71,6119.03683,2009
wsm,Samoa,19.35,6427.31156,2010
yem,Yemen,94.97,2925.61188,2000
yem,Yemen,90.26,2972.30339,2001
yem,Yemen,85.65,3008.55679,2002
yem,Yemen,81.18,3053.03487,2003
yem,Yemen,76.93,3126.5557,2004
yem,Yemen,72.97,3262.42885,2005
yem,Yemen,69.15,3322.37032,2006
yem,Yemen,65.57,3380.10829,2007
yem,Yemen,62.41,3426.73172,2008
yem,Yemen,60.09,3439.29712,2009
yem,Yemen,58.79,3603.03,2010
zaf,South Africa,71.52,11037.87368,2000
zaf,South Africa,73.1,11277.16993,2001
zaf,South Africa,74.31,11617.57225,2002
zaf,South Africa,75.72,11870.87162,2003
zaf,South Africa,77.66,12312.62672,2004
zaf,South Africa,78.84,12853.29549,2005
zaf,South Africa,79.2,13452.90444,2006
zaf,South Africa,75.26,14037.25886,2007
zaf,South Africa,68.86,14324.90593,2008
zaf,South Africa,60.32,13936.02189,2009
zaf,South Africa,51.98,14182.33428,2010
zmb,Zambia,155.86,2173.01609,2000
zmb,Zambia,146.89,2233.6768,2001
zmb,Zambia,136.12,2276.69859,2002
zmb,Zambia,125.44,2372.1238,2003
zmb,Zambia,115.2,2469.0897,2004
zmb,Zambia,106.21,2569.15938,2005
zmb,Zambia,98.52,2683.23992,2006
zmb,Zambia,93.25,2808.6142,2007
zmb,Zambia,88.67,2919.80288,2008
zmb,Zambia,83.58,3073.64995,2009
zmb,Zambia,79.01,3266.50749,2010
zwe,Zimbabwe,95.51,3888.44839,2000
zwe,Zimbabwe,93.76,3928.39321,2001
zwe,Zimbabwe,92.62,3571.02598,2002
zwe,Zimbabwe,91.62,2949.25001,2003
zwe,Zimbabwe,92.38,2762.35658,2004
zwe,Zimbabwe,93.1,2589.93892,2005
zwe,Zimbabwe,94.99,2482.77583,2006
zwe,Zimbabwe,95.74,2372.23665,2007
zwe,Zimbabwe,94.48,1938.0725,2008
zwe,Zimbabwe,91.28,2169.48008,2009
zwe,Zimbabwe,86.43,2563.47835,2010
